mode: set
mobius/adapter.go:73.44,75.2 1 1
mobius/adapter.go:77.62,81.2 3 1
mobius/adapter.go:83.62,88.2 4 1
mobius/adapter_bash.go:32.47,34.2 1 0
mobius/adapter_bash.go:36.42,36.64 1 0
mobius/adapter_bash.go:38.87,40.19 2 0
mobius/adapter_bash.go:40.19,42.3 1 0
mobius/adapter_bash.go:44.2,50.19 4 0
mobius/adapter_bash.go:50.19,52.17 2 0
mobius/adapter_bash.go:52.17,54.4 1 0
mobius/adapter_bash.go:55.3,55.28 1 0
mobius/adapter_bash.go:58.2,64.27 2 0
mobius/adapter_bash.go:64.27,66.3 1 0
mobius/adapter_bash.go:68.2,70.49 2 0
mobius/adapter_bash.go:70.49,71.60 1 0
mobius/adapter_bash.go:71.60,72.21 1 0
mobius/adapter_bash.go:72.21,74.5 1 0
mobius/adapter_bash.go:75.4,75.110 1 0
mobius/adapter_bash.go:77.3,80.56 4 0
mobius/adapter_bash.go:81.8,86.3 4 0
mobius/adapter_bash.go:87.2,92.40 4 0
mobius/adapter_bash.go:92.40,94.20 2 0
mobius/adapter_bash.go:94.20,96.4 1 0
mobius/adapter_bash.go:97.3,97.54 1 0
mobius/adapter_bash.go:100.2,100.12 1 0
mobius/adapter_bash.go:100.12,103.53 1 0
mobius/adapter_bash.go:103.53,103.77 1 0
mobius/adapter_bash.go:104.3,105.24 2 0
mobius/adapter_bash.go:105.24,107.4 1 0
mobius/adapter_bash.go:108.3,111.17 4 0
mobius/adapter_bash.go:111.17,116.43 3 0
mobius/adapter_bash.go:116.43,118.5 1 0
mobius/adapter_bash.go:119.9,121.4 1 0
mobius/adapter_bash.go:124.2,126.19 2 0
mobius/adapter_bash.go:129.88,131.9 2 0
mobius/adapter_bash.go:131.9,133.3 1 0
mobius/adapter_bash.go:134.2,141.8 4 0
mobius/adapter_bash.go:144.67,146.9 2 0
mobius/adapter_bash.go:146.9,148.3 1 0
mobius/adapter_bash.go:149.2,150.29 2 0
mobius/adapter_bash.go:150.29,154.3 1 0
mobius/adapter_bash.go:154.8,154.35 1 0
mobius/adapter_bash.go:154.35,161.13 3 0
mobius/adapter_bash.go:161.13,162.11 1 0
mobius/adapter_bash.go:163.20,163.20 0 0
mobius/adapter_bash.go:164.39,165.40 1 0
mobius/adapter_bash.go:169.2,172.12 4 0
mobius/adapter_claude_code.go:36.109,38.2 1 1
mobius/adapter_claude_code.go:44.72,45.49 1 1
mobius/adapter_claude_code.go:45.49,47.3 1 1
mobius/adapter_claude_code.go:48.2,59.16 4 1
mobius/adapter_claude_code.go:59.16,62.3 2 0
mobius/adapter_claude_code.go:63.2,64.16 2 1
mobius/adapter_claude_code.go:64.16,67.3 2 0
mobius/adapter_claude_code.go:68.2,68.41 1 1
mobius/adapter_claude_code.go:68.41,73.3 4 0
mobius/adapter_claude_code.go:74.2,75.17 2 1
mobius/adapter_claude_code.go:78.48,78.76 1 0
mobius/adapter_claude_code.go:80.93,90.25 5 0
mobius/adapter_claude_code.go:90.25,94.3 1 0
mobius/adapter_claude_code.go:95.2,98.25 3 0
mobius/adapter_claude_code.go:98.25,100.3 1 0
mobius/adapter_claude_code.go:101.2,108.36 6 0
mobius/adapter_claude_code.go:108.36,110.26 2 0
mobius/adapter_claude_code.go:110.26,112.4 1 0
mobius/adapter_claude_code.go:113.3,113.59 1 0
mobius/adapter_claude_code.go:116.2,116.12 1 0
mobius/adapter_claude_code.go:116.12,120.53 2 0
mobius/adapter_claude_code.go:120.53,120.77 1 0
mobius/adapter_claude_code.go:123.3,123.26 1 0
mobius/adapter_claude_code.go:123.26,125.4 1 0
mobius/adapter_claude_code.go:127.3,130.17 4 0
mobius/adapter_claude_code.go:130.17,135.43 3 0
mobius/adapter_claude_code.go:135.43,137.5 1 0
mobius/adapter_claude_code.go:138.9,140.4 1 0
mobius/adapter_claude_code.go:143.2,144.19 2 0
mobius/adapter_claude_code.go:147.94,149.9 2 0
mobius/adapter_claude_code.go:149.9,151.3 1 0
mobius/adapter_claude_code.go:152.2,159.8 4 0
mobius/adapter_claude_code.go:162.73,164.9 2 0
mobius/adapter_claude_code.go:164.9,166.3 1 0
mobius/adapter_claude_code.go:167.2,168.28 2 0
mobius/adapter_claude_code.go:168.28,175.13 3 0
mobius/adapter_claude_code.go:175.13,176.11 1 0
mobius/adapter_claude_code.go:177.20,177.20 0 0
mobius/adapter_claude_code.go:178.39,179.40 1 0
mobius/adapter_claude_code.go:183.2,186.12 4 0
mobius/adapter_http.go:27.50,31.2 1 1
mobius/adapter_http.go:33.49,33.78 1 0
mobius/adapter_http.go:35.94,37.22 2 0
mobius/adapter_http.go:37.22,39.3 1 0
mobius/adapter_http.go:41.2,59.12 6 0
mobius/adapter_http.go:59.12,64.17 4 0
mobius/adapter_http.go:64.17,67.4 2 0
mobius/adapter_http.go:68.3,69.19 2 0
mobius/adapter_http.go:69.19,71.4 1 0
mobius/adapter_http.go:73.3,74.17 2 0
mobius/adapter_http.go:74.17,77.4 2 0
mobius/adapter_http.go:78.3,79.29 2 0
mobius/adapter_http.go:79.29,83.4 3 0
mobius/adapter_http.go:84.3,84.96 1 0
mobius/adapter_http.go:87.2,87.19 1 0
mobius/adapter_http.go:90.64,96.2 5 0
mobius/adapter_http.go:98.95,100.9 2 1
mobius/adapter_http.go:100.9,102.3 1 0
mobius/adapter_http.go:103.2,110.8 4 1
mobius/adapter_http.go:113.74,116.2 2 0
mobius/adapter_http.go:118.78,120.9 2 1
mobius/adapter_http.go:120.9,122.3 1 0
mobius/adapter_http.go:123.2,127.13 5 1
mobius/adapter_http.go:127.13,129.3 1 1
mobius/adapter_http.go:129.8,132.3 2 1
mobius/adapter_http.go:141.89,142.33 1 1
mobius/adapter_http.go:142.33,145.3 2 1
mobius/adapter_http.go:146.2,151.82 2 1
mobius/adapter_http.go:151.82,154.3 2 1
mobius/adapter_http.go:155.2,155.43 1 1
mobius/adapter_http.go:155.43,158.3 2 1
mobius/adapter_http.go:159.2,160.37 2 1
mobius/adapter_internal.go:34.77,45.2 1 0
mobius/adapter_internal.go:47.49,47.75 1 0
mobius/adapter_internal.go:49.94,62.12 5 0
mobius/adapter_internal.go:62.12,67.53 2 0
mobius/adapter_internal.go:67.53,67.77 1 0
mobius/adapter_internal.go:72.3,77.17 3 0
mobius/adapter_internal.go:77.17,80.4 2 0
mobius/adapter_internal.go:80.9,82.4 1 0
mobius/adapter_internal.go:83.3,83.18 1 0
mobius/adapter_internal.go:86.2,86.19 1 0
mobius/adapter_internal.go:89.95,91.9 2 0
mobius/adapter_internal.go:91.9,93.3 1 0
mobius/adapter_internal.go:94.2,102.8 4 0
mobius/adapter_internal.go:105.74,107.9 2 0
mobius/adapter_internal.go:107.9,109.3 1 0
mobius/adapter_internal.go:110.2,116.12 7 0
mobius/adapter_internal.go:119.126,122.21 3 0
mobius/adapter_internal.go:122.21,124.3 1 0
mobius/adapter_internal.go:126.2,134.60 5 0
mobius/adapter_internal.go:134.60,139.3 1 0
mobius/adapter_internal.go:141.2,142.43 2 0
mobius/adapter_internal.go:142.43,144.3 1 0
mobius/adapter_internal.go:145.2,146.25 2 0
mobius/adapter_internal.go:146.25,148.3 1 0
mobius/adapter_internal.go:150.2,151.16 2 0
mobius/adapter_internal.go:151.16,153.3 1 0
mobius/adapter_internal.go:155.2,156.16 2 0
mobius/adapter_internal.go:156.16,158.3 1 0
mobius/adapter_internal.go:160.2,164.26 1 0
mobius/adapter_internal.go:164.26,172.4 3 0
mobius/adapter_internal.go:173.50,175.4 1 0
mobius/adapter_internal.go:176.35,186.30 9 0
mobius/adapter_internal.go:186.30,188.5 1 0
mobius/adapter_internal.go:189.4,207.6 1 0
mobius/adapter_internal.go:211.2,212.16 2 0
mobius/adapter_internal.go:212.16,214.3 1 0
mobius/adapter_internal.go:216.2,216.89 1 0
mobius/adapter_internal.go:216.89,219.3 1 0
mobius/adapter_internal.go:221.2,221.26 1 0
mobius/adapter_internal.go:227.127,232.2 4 0
mobius/adapter_internal.go:248.131,249.56 1 0
mobius/adapter_internal.go:249.56,251.3 1 0
mobius/adapter_internal.go:252.2,257.56 2 0
mobius/adapter_internal.go:257.56,260.3 2 0
mobius/adapter_internal.go:264.2,264.24 1 0
mobius/adapter_internal.go:264.24,266.3 1 0
mobius/adapter_internal.go:267.2,268.18 2 0
mobius/adapter_internal.go:268.18,270.3 1 0
mobius/adapter_internal.go:271.2,271.17 1 0
mobius/adapter_internal.go:271.17,274.3 2 0
mobius/adapter_internal.go:275.2,275.78 1 0
mobius/adapter_internal.go:278.124,280.19 2 0
mobius/adapter_internal.go:281.23,282.53 1 0
mobius/adapter_internal.go:283.23,284.43 1 0
mobius/adapter_internal.go:285.28,286.44 1 0
mobius/adapter_internal.go:287.21,288.45 1 0
mobius/adapter_internal.go:289.28,290.49 1 0
mobius/adapter_internal.go:291.19,293.17 2 0
mobius/adapter_internal.go:293.17,295.4 1 0
mobius/adapter_internal.go:296.3,297.33 2 0
mobius/adapter_internal.go:297.33,299.4 1 0
mobius/adapter_internal.go:300.3,300.21 1 0
mobius/adapter_internal.go:300.21,302.4 1 0
mobius/adapter_internal.go:303.3,303.64 1 0
mobius/adapter_internal.go:304.22,306.38 2 0
mobius/adapter_internal.go:306.38,308.4 1 0
mobius/adapter_internal.go:309.3,309.90 1 0
mobius/adapter_internal.go:309.90,311.4 1 0
mobius/adapter_internal.go:312.3,312.22 1 0
mobius/adapter_internal.go:312.22,315.4 1 0
mobius/adapter_internal.go:316.3,316.69 1 0
mobius/adapter_internal.go:317.23,319.42 2 0
mobius/adapter_internal.go:319.42,321.4 1 0
mobius/adapter_internal.go:322.3,322.72 1 0
mobius/adapter_internal.go:322.72,324.4 1 0
mobius/adapter_internal.go:325.3,325.70 1 0
mobius/adapter_internal.go:326.28,327.54 1 0
mobius/adapter_internal.go:328.27,329.53 1 0
mobius/adapter_internal.go:330.31,331.57 1 0
mobius/adapter_internal.go:332.29,333.44 1 0
mobius/adapter_internal.go:334.29,335.55 1 0
mobius/adapter_internal.go:336.20,337.41 1 0
mobius/adapter_internal.go:338.18,339.39 1 0
mobius/adapter_internal.go:340.21,341.42 1 0
mobius/adapter_internal.go:342.28,343.55 1 0
mobius/adapter_internal.go:344.26,345.53 1 0
mobius/adapter_internal.go:346.24,347.34 1 0
mobius/adapter_internal.go:348.22,349.43 1 0
mobius/adapter_internal.go:350.25,351.46 1 0
mobius/adapter_internal.go:352.23,353.33 1 0
mobius/adapter_internal.go:354.24,355.52 1 0
mobius/adapter_internal.go:356.24,357.45 1 0
mobius/adapter_internal.go:358.22,359.43 1 0
mobius/adapter_internal.go:360.23,361.44 1 0
mobius/adapter_internal.go:362.23,363.44 1 0
mobius/adapter_internal.go:364.23,365.44 1 0
mobius/adapter_internal.go:366.21,367.42 1 0
mobius/adapter_internal.go:368.22,369.43 1 0
mobius/adapter_internal.go:370.24,371.45 1 0
mobius/adapter_internal.go:372.18,373.52 1 0
mobius/adapter_internal.go:374.23,375.57 1 0
mobius/adapter_internal.go:376.19,377.86 1 0
mobius/adapter_internal.go:378.25,379.59 1 0
mobius/adapter_internal.go:380.20,381.55 1 0
mobius/adapter_internal.go:382.26,383.104 1 0
mobius/adapter_internal.go:384.26,385.82 1 0
mobius/adapter_internal.go:386.38,387.64 1 0
mobius/adapter_internal.go:388.35,389.42 1 0
mobius/adapter_internal.go:390.36,391.42 1 0
mobius/adapter_internal.go:392.29,393.116 1 0
mobius/adapter_internal.go:394.24,395.150 1 0
mobius/adapter_internal.go:396.24,397.112 1 0
mobius/adapter_internal.go:398.29,399.141 1 0
mobius/adapter_internal.go:400.31,402.147 1 0
mobius/adapter_internal.go:403.10,404.63 1 0
mobius/adapter_internal.go:408.110,409.21 1 0
mobius/adapter_internal.go:409.21,411.3 1 0
mobius/adapter_internal.go:412.2,414.19 3 0
mobius/adapter_internal.go:414.19,416.3 1 0
mobius/adapter_internal.go:417.2,418.21 2 0
mobius/adapter_internal.go:418.21,420.3 1 0
mobius/adapter_internal.go:422.2,439.26 4 0
mobius/adapter_internal.go:439.27,439.28 0 0
mobius/adapter_internal.go:442.2,443.16 2 0
mobius/adapter_internal.go:443.16,446.3 2 0
mobius/adapter_internal.go:447.2,447.35 1 0
mobius/adapter_internal_tools.go:32.44,34.43 2 1
mobius/adapter_internal_tools.go:34.43,35.33 1 1
mobius/adapter_internal_tools.go:35.33,37.4 1 1
mobius/adapter_internal_tools.go:39.2,39.12 1 1
mobius/adapter_internal_tools.go:42.138,49.51 6 0
mobius/adapter_internal_tools.go:49.51,51.3 1 0
mobius/adapter_internal_tools.go:53.2,54.16 2 0
mobius/adapter_internal_tools.go:54.16,56.3 1 0
mobius/adapter_internal_tools.go:57.2,57.37 1 0
mobius/adapter_internal_tools.go:57.37,59.3 1 0
mobius/adapter_internal_tools.go:61.2,62.23 2 0
mobius/adapter_internal_tools.go:62.23,64.3 1 0
mobius/adapter_internal_tools.go:65.2,65.20 1 0
mobius/adapter_internal_tools.go:65.20,67.3 1 0
mobius/adapter_internal_tools.go:69.2,77.53 3 0
mobius/adapter_internal_tools.go:77.53,79.3 1 0
mobius/adapter_internal_tools.go:80.2,80.21 1 0
mobius/adapter_internal_tools.go:80.21,82.3 1 0
mobius/adapter_internal_tools.go:83.2,83.59 1 0
mobius/adapter_internal_tools.go:83.59,85.3 1 0
mobius/adapter_internal_tools.go:86.2,86.23 1 0
mobius/adapter_internal_tools.go:86.23,87.63 1 0
mobius/adapter_internal_tools.go:87.63,88.60 1 0
mobius/adapter_internal_tools.go:88.60,90.5 1 0
mobius/adapter_internal_tools.go:94.2,94.28 1 0
mobius/adapter_internal_tools.go:94.28,95.110 1 0
mobius/adapter_internal_tools.go:95.110,97.4 1 0
mobius/adapter_internal_tools.go:100.2,100.21 1 0
mobius/adapter_internal_tools.go:100.21,110.3 1 0
mobius/adapter_internal_tools.go:112.2,113.88 2 0
mobius/adapter_internal_tools.go:116.115,117.63 1 0
mobius/adapter_internal_tools.go:117.63,119.3 1 0
mobius/adapter_internal_tools.go:121.2,126.50 5 0
mobius/adapter_internal_tools.go:126.50,128.3 1 0
mobius/adapter_internal_tools.go:130.2,131.16 2 0
mobius/adapter_internal_tools.go:131.16,133.3 1 0
mobius/adapter_internal_tools.go:134.2,134.57 1 0
mobius/adapter_internal_tools.go:134.57,136.3 1 0
mobius/adapter_internal_tools.go:138.2,144.22 2 0
mobius/adapter_internal_tools.go:144.22,146.3 1 0
mobius/adapter_internal_tools.go:147.2,147.60 1 0
mobius/adapter_internal_tools.go:147.60,149.3 1 0
mobius/adapter_internal_tools.go:150.2,150.23 1 0
mobius/adapter_internal_tools.go:150.23,151.62 1 0
mobius/adapter_internal_tools.go:151.62,153.4 1 0
mobius/adapter_internal_tools.go:156.2,156.21 1 0
mobius/adapter_internal_tools.go:156.21,165.3 1 0
mobius/adapter_internal_tools.go:167.2,168.107 2 0
mobius/adapter_internal_tools.go:171.117,177.18 3 0
mobius/adapter_internal_tools.go:177.18,179.3 1 0
mobius/adapter_internal_tools.go:180.2,180.18 1 0
mobius/adapter_internal_tools.go:180.18,182.3 1 0
mobius/adapter_internal_tools.go:183.2,183.30 1 0
mobius/adapter_internal_tools.go:183.30,185.3 1 0
mobius/adapter_internal_tools.go:186.2,186.88 1 0
mobius/adapter_internal_tools.go:186.88,188.3 1 0
mobius/adapter_internal_tools.go:189.2,189.85 1 0
mobius/adapter_internal_tools.go:189.85,191.3 1 0
mobius/adapter_internal_tools.go:193.2,193.97 1 0
mobius/adapter_internal_tools.go:193.97,195.3 1 0
mobius/adapter_internal_tools.go:197.2,197.21 1 0
mobius/adapter_internal_tools.go:197.21,204.3 1 0
mobius/adapter_internal_tools.go:206.2,207.76 2 0
mobius/adapter_internal_tools.go:210.118,215.34 4 0
mobius/adapter_internal_tools.go:215.34,217.3 1 0
mobius/adapter_internal_tools.go:219.2,219.16 1 0
mobius/adapter_internal_tools.go:220.17,221.87 1 0
mobius/adapter_internal_tools.go:221.87,223.4 1 0
mobius/adapter_internal_tools.go:224.3,224.22 1 0
mobius/adapter_internal_tools.go:224.22,228.4 1 0
mobius/adapter_internal_tools.go:229.3,229.65 1 0
mobius/adapter_internal_tools.go:230.16,231.21 1 0
mobius/adapter_internal_tools.go:231.21,233.4 1 0
mobius/adapter_internal_tools.go:234.3,234.88 1 0
mobius/adapter_internal_tools.go:234.88,236.4 1 0
mobius/adapter_internal_tools.go:237.3,237.103 1 0
mobius/adapter_internal_tools.go:237.103,239.4 1 0
mobius/adapter_internal_tools.go:240.3,240.22 1 0
mobius/adapter_internal_tools.go:240.22,244.4 1 0
mobius/adapter_internal_tools.go:245.3,245.87 1 0
mobius/adapter_internal_tools.go:246.10,247.69 1 0
mobius/adapter_internal_tools.go:251.109,253.18 2 0
mobius/adapter_internal_tools.go:253.18,255.3 1 0
mobius/adapter_internal_tools.go:257.2,258.16 2 0
mobius/adapter_internal_tools.go:258.16,260.3 1 0
mobius/adapter_internal_tools.go:262.2,264.23 2 0
mobius/adapter_internal_tools.go:264.23,267.3 2 0
mobius/adapter_internal_tools.go:269.2,270.16 2 0
mobius/adapter_internal_tools.go:270.16,274.3 3 0
mobius/adapter_internal_tools.go:276.2,277.31 2 0
mobius/adapter_internal_tools.go:277.31,279.25 2 0
mobius/adapter_internal_tools.go:279.25,281.4 1 0
mobius/adapter_internal_tools.go:282.3,285.5 1 0
mobius/adapter_internal_tools.go:287.2,287.18 1 0
mobius/adapter_internal_tools.go:287.18,289.3 1 0
mobius/adapter_internal_tools.go:290.2,292.15 3 0
mobius/adapter_internal_tools.go:295.120,296.27 1 0
mobius/adapter_internal_tools.go:296.27,298.3 1 0
mobius/adapter_internal_tools.go:299.2,301.33 3 0
mobius/adapter_internal_tools.go:301.33,303.3 1 0
mobius/adapter_internal_tools.go:305.2,306.16 2 0
mobius/adapter_internal_tools.go:306.16,308.3 1 0
mobius/adapter_internal_tools.go:310.2,311.16 2 0
mobius/adapter_internal_tools.go:311.16,313.3 1 0
mobius/adapter_internal_tools.go:314.2,314.66 1 0
mobius/adapter_internal_tools.go:314.66,316.3 1 0
mobius/adapter_internal_tools.go:317.2,317.70 1 0
mobius/adapter_internal_tools.go:317.70,319.3 1 0
mobius/adapter_internal_tools.go:321.2,321.23 1 0
mobius/adapter_internal_tools.go:321.23,328.28 7 0
mobius/adapter_internal_tools.go:328.28,331.4 2 0
mobius/adapter_internal_tools.go:332.3,341.66 2 0
mobius/adapter_internal_tools.go:341.66,343.4 1 0
mobius/adapter_internal_tools.go:346.2,346.21 1 0
mobius/adapter_internal_tools.go:346.21,350.3 1 0
mobius/adapter_internal_tools.go:352.2,352.81 1 0
mobius/adapter_internal_tools.go:355.119,356.27 1 0
mobius/adapter_internal_tools.go:356.27,358.3 1 0
mobius/adapter_internal_tools.go:359.2,360.16 2 0
mobius/adapter_internal_tools.go:360.16,362.3 1 0
mobius/adapter_internal_tools.go:364.2,365.16 2 0
mobius/adapter_internal_tools.go:365.16,367.3 1 0
mobius/adapter_internal_tools.go:369.2,370.16 2 0
mobius/adapter_internal_tools.go:370.16,372.3 1 0
mobius/adapter_internal_tools.go:373.2,374.16 2 0
mobius/adapter_internal_tools.go:374.16,376.3 1 0
mobius/adapter_internal_tools.go:377.2,377.82 1 0
mobius/adapter_internal_tools.go:380.123,381.48 1 0
mobius/adapter_internal_tools.go:381.48,383.3 1 0
mobius/adapter_internal_tools.go:384.2,387.16 4 0
mobius/adapter_internal_tools.go:387.16,389.3 1 0
mobius/adapter_internal_tools.go:390.2,391.31 2 0
mobius/adapter_internal_tools.go:391.31,395.3 1 0
mobius/adapter_internal_tools.go:396.2,396.20 1 0
mobius/adapter_internal_tools.go:396.20,398.3 1 0
mobius/adapter_internal_tools.go:399.2,399.66 1 0
mobius/adapter_internal_tools.go:402.100,403.48 1 0
mobius/adapter_internal_tools.go:403.48,405.3 1 0
mobius/adapter_internal_tools.go:406.2,407.16 2 0
mobius/adapter_internal_tools.go:407.16,409.3 1 0
mobius/adapter_internal_tools.go:410.2,411.31 2 0
mobius/adapter_internal_tools.go:411.31,415.3 1 0
mobius/adapter_internal_tools.go:416.2,416.20 1 0
mobius/adapter_internal_tools.go:416.20,418.3 1 0
mobius/adapter_internal_tools.go:419.2,419.66 1 0
mobius/adapter_internal_tools.go:422.121,423.27 1 0
mobius/adapter_internal_tools.go:423.27,425.3 1 0
mobius/adapter_internal_tools.go:426.2,427.19 2 0
mobius/adapter_internal_tools.go:427.19,429.3 1 0
mobius/adapter_internal_tools.go:430.2,430.49 1 0
mobius/adapter_internal_tools.go:430.49,433.3 2 0
mobius/adapter_internal_tools.go:435.2,436.16 2 0
mobius/adapter_internal_tools.go:436.16,438.3 1 0
mobius/adapter_internal_tools.go:440.2,447.49 7 0
mobius/adapter_internal_tools.go:447.49,449.3 1 0
mobius/adapter_internal_tools.go:449.8,451.3 1 0
mobius/adapter_internal_tools.go:452.2,452.20 1 0
mobius/adapter_internal_tools.go:452.20,454.3 1 0
mobius/adapter_internal_tools.go:455.2,460.21 4 0
mobius/adapter_internal_tools.go:460.21,469.3 1 0
mobius/adapter_internal_tools.go:471.2,474.3 1 0
mobius/adapter_internal_tools.go:477.101,482.16 5 0
mobius/adapter_internal_tools.go:482.16,484.3 1 0
mobius/adapter_internal_tools.go:485.2,486.26 2 0
mobius/adapter_internal_tools.go:486.26,488.24 2 0
mobius/adapter_internal_tools.go:488.24,490.4 1 0
mobius/adapter_internal_tools.go:491.3,491.25 1 0
mobius/adapter_internal_tools.go:491.25,493.4 1 0
mobius/adapter_internal_tools.go:494.3,494.31 1 0
mobius/adapter_internal_tools.go:496.2,496.20 1 0
mobius/adapter_internal_tools.go:496.20,498.3 1 0
mobius/adapter_internal_tools.go:499.2,499.64 1 0
mobius/adapter_internal_tools.go:502.99,504.18 2 0
mobius/adapter_internal_tools.go:504.18,506.3 1 0
mobius/adapter_internal_tools.go:507.2,508.16 2 0
mobius/adapter_internal_tools.go:508.16,510.3 1 0
mobius/adapter_internal_tools.go:511.2,514.3 1 0
mobius/adapter_internal_tools.go:517.102,519.18 2 0
mobius/adapter_internal_tools.go:519.18,521.3 1 0
mobius/adapter_internal_tools.go:522.2,523.41 2 0
mobius/adapter_internal_tools.go:523.41,525.3 1 0
mobius/adapter_internal_tools.go:526.2,526.40 1 0
mobius/adapter_internal_tools.go:526.40,528.3 1 0
mobius/adapter_internal_tools.go:529.2,529.44 1 0
mobius/adapter_internal_tools.go:529.44,531.3 1 0
mobius/adapter_internal_tools.go:532.2,532.47 1 0
mobius/adapter_internal_tools.go:532.47,534.3 1 0
mobius/adapter_internal_tools.go:535.2,535.99 1 0
mobius/adapter_internal_tools.go:535.99,537.3 1 0
mobius/adapter_internal_tools.go:538.2,538.63 1 0
mobius/adapter_internal_tools.go:541.125,545.34 4 0
mobius/adapter_internal_tools.go:545.34,547.3 1 0
mobius/adapter_internal_tools.go:548.2,548.93 1 0
mobius/adapter_internal_tools.go:548.93,550.3 1 0
mobius/adapter_internal_tools.go:551.2,551.85 1 0
mobius/adapter_internal_tools.go:554.123,557.35 3 0
mobius/adapter_internal_tools.go:557.35,559.3 1 0
mobius/adapter_internal_tools.go:560.2,560.85 1 0
mobius/adapter_internal_tools.go:560.85,562.3 1 0
mobius/adapter_internal_tools.go:563.2,563.65 1 0
mobius/adapter_internal_tools.go:566.84,568.16 2 0
mobius/adapter_internal_tools.go:568.16,570.3 1 0
mobius/adapter_internal_tools.go:571.2,572.30 2 0
mobius/adapter_internal_tools.go:572.30,574.25 2 0
mobius/adapter_internal_tools.go:574.25,576.4 1 0
mobius/adapter_internal_tools.go:577.3,577.31 1 0
mobius/adapter_internal_tools.go:579.2,579.20 1 0
mobius/adapter_internal_tools.go:579.20,581.3 1 0
mobius/adapter_internal_tools.go:582.2,582.68 1 0
mobius/adapter_internal_tools.go:585.103,587.17 2 0
mobius/adapter_internal_tools.go:587.17,589.3 1 0
mobius/adapter_internal_tools.go:590.2,591.16 2 0
mobius/adapter_internal_tools.go:591.16,593.3 1 0
mobius/adapter_internal_tools.go:594.2,598.3 1 0
mobius/adapter_internal_tools.go:601.106,603.17 2 0
mobius/adapter_internal_tools.go:603.17,605.3 1 0
mobius/adapter_internal_tools.go:606.2,607.16 2 0
mobius/adapter_internal_tools.go:607.16,609.3 1 0
mobius/adapter_internal_tools.go:610.2,610.41 1 0
mobius/adapter_internal_tools.go:610.41,612.3 1 0
mobius/adapter_internal_tools.go:613.2,613.45 1 0
mobius/adapter_internal_tools.go:613.45,615.3 1 0
mobius/adapter_internal_tools.go:616.2,616.39 1 0
mobius/adapter_internal_tools.go:616.39,618.23 2 0
mobius/adapter_internal_tools.go:618.23,619.31 1 0
mobius/adapter_internal_tools.go:619.31,621.5 1 0
mobius/adapter_internal_tools.go:623.3,623.18 1 0
mobius/adapter_internal_tools.go:625.2,625.67 1 0
mobius/adapter_internal_tools.go:625.67,627.3 1 0
mobius/adapter_internal_tools.go:628.2,628.66 1 0
mobius/adapter_internal_tools.go:631.83,633.16 2 0
mobius/adapter_internal_tools.go:633.16,635.3 1 0
mobius/adapter_internal_tools.go:636.2,637.29 2 0
mobius/adapter_internal_tools.go:637.29,639.21 2 0
mobius/adapter_internal_tools.go:639.21,641.4 1 0
mobius/adapter_internal_tools.go:642.3,642.31 1 0
mobius/adapter_internal_tools.go:644.2,644.20 1 0
mobius/adapter_internal_tools.go:644.20,646.3 1 0
mobius/adapter_internal_tools.go:647.2,647.67 1 0
mobius/adapter_internal_tools.go:650.122,653.16 3 0
mobius/adapter_internal_tools.go:653.16,655.3 1 0
mobius/adapter_internal_tools.go:656.2,661.16 2 0
mobius/adapter_internal_tools.go:661.16,663.3 1 0
mobius/adapter_internal_tools.go:664.2,664.78 1 0
mobius/adapter_internal_tools.go:667.105,669.21 2 0
mobius/adapter_internal_tools.go:669.21,671.3 1 0
mobius/adapter_internal_tools.go:672.2,673.47 2 0
mobius/adapter_internal_tools.go:673.47,675.3 1 0
mobius/adapter_internal_tools.go:676.2,676.42 1 0
mobius/adapter_internal_tools.go:676.42,678.3 1 0
mobius/adapter_internal_tools.go:679.2,679.91 1 0
mobius/adapter_internal_tools.go:679.91,681.3 1 0
mobius/adapter_internal_tools.go:682.2,682.69 1 0
mobius/adapter_internal_tools.go:685.103,686.23 1 0
mobius/adapter_internal_tools.go:686.23,688.3 1 0
mobius/adapter_internal_tools.go:689.2,691.16 3 0
mobius/adapter_internal_tools.go:691.16,693.3 1 0
mobius/adapter_internal_tools.go:694.2,695.28 2 0
mobius/adapter_internal_tools.go:695.28,697.3 1 0
mobius/adapter_internal_tools.go:698.2,698.20 1 0
mobius/adapter_internal_tools.go:698.20,700.3 1 0
mobius/adapter_internal_tools.go:701.2,701.66 1 0
mobius/adapter_internal_tools.go:704.104,705.23 1 0
mobius/adapter_internal_tools.go:705.23,707.3 1 0
mobius/adapter_internal_tools.go:708.2,710.34 3 0
mobius/adapter_internal_tools.go:710.34,712.3 1 0
mobius/adapter_internal_tools.go:713.2,714.39 2 0
mobius/adapter_internal_tools.go:714.39,715.23 1 0
mobius/adapter_internal_tools.go:715.23,716.31 1 0
mobius/adapter_internal_tools.go:716.31,718.5 1 0
mobius/adapter_internal_tools.go:721.2,721.17 1 0
mobius/adapter_internal_tools.go:721.17,723.3 1 0
mobius/adapter_internal_tools.go:724.2,725.55 2 0
mobius/adapter_internal_tools.go:725.55,727.3 1 0
mobius/adapter_internal_tools.go:728.2,728.63 1 0
mobius/adapter_internal_tools.go:731.104,732.23 1 0
mobius/adapter_internal_tools.go:732.23,734.3 1 0
mobius/adapter_internal_tools.go:735.2,736.20 2 0
mobius/adapter_internal_tools.go:736.20,738.3 1 0
mobius/adapter_internal_tools.go:739.2,740.16 2 0
mobius/adapter_internal_tools.go:740.16,742.3 1 0
mobius/adapter_internal_tools.go:743.2,743.41 1 0
mobius/adapter_internal_tools.go:743.41,745.3 1 0
mobius/adapter_internal_tools.go:746.2,746.43 1 0
mobius/adapter_internal_tools.go:746.43,748.3 1 0
mobius/adapter_internal_tools.go:749.2,749.39 1 0
mobius/adapter_internal_tools.go:749.39,751.23 2 0
mobius/adapter_internal_tools.go:751.23,752.31 1 0
mobius/adapter_internal_tools.go:752.31,754.5 1 0
mobius/adapter_internal_tools.go:756.3,756.16 1 0
mobius/adapter_internal_tools.go:758.2,758.55 1 0
mobius/adapter_internal_tools.go:758.55,760.3 1 0
mobius/adapter_internal_tools.go:761.2,761.67 1 0
mobius/adapter_internal_tools.go:764.104,765.23 1 0
mobius/adapter_internal_tools.go:765.23,767.3 1 0
mobius/adapter_internal_tools.go:768.2,769.20 2 0
mobius/adapter_internal_tools.go:769.20,771.3 1 0
mobius/adapter_internal_tools.go:772.2,772.63 1 0
mobius/adapter_internal_tools.go:772.63,774.3 1 0
mobius/adapter_internal_tools.go:775.2,775.67 1 0
mobius/adapter_internal_tools.go:778.128,780.20 2 0
mobius/adapter_internal_tools.go:780.20,782.3 1 0
mobius/adapter_internal_tools.go:783.2,783.23 1 0
mobius/adapter_internal_tools.go:783.23,785.3 1 0
mobius/adapter_internal_tools.go:787.2,798.62 3 0
mobius/adapter_internal_tools.go:798.62,800.3 1 0
mobius/adapter_internal_tools.go:804.2,804.81 1 0
mobius/adapter_internal_tools.go:804.81,806.3 1 0
mobius/adapter_internal_tools.go:807.2,807.109 1 0
mobius/adapter_internal_tools.go:807.109,809.3 1 0
mobius/adapter_internal_tools.go:811.2,816.3 2 0
mobius/adapter_internal_tools.go:819.133,822.21 3 0
mobius/adapter_internal_tools.go:822.21,824.3 1 0
mobius/adapter_internal_tools.go:825.2,825.23 1 0
mobius/adapter_internal_tools.go:825.23,827.3 1 0
mobius/adapter_internal_tools.go:829.2,840.62 3 0
mobius/adapter_internal_tools.go:840.62,842.3 1 0
mobius/adapter_internal_tools.go:844.2,850.3 2 0
mobius/adapter_internal_tools.go:853.102,854.23 1 0
mobius/adapter_internal_tools.go:854.23,856.3 1 0
mobius/adapter_internal_tools.go:857.2,859.16 3 0
mobius/adapter_internal_tools.go:859.16,861.3 1 0
mobius/adapter_internal_tools.go:862.2,863.27 2 0
mobius/adapter_internal_tools.go:863.27,865.3 1 0
mobius/adapter_internal_tools.go:866.2,866.20 1 0
mobius/adapter_internal_tools.go:866.20,868.3 1 0
mobius/adapter_internal_tools.go:869.2,869.65 1 0
mobius/adapter_internal_tools.go:872.103,875.34 3 0
mobius/adapter_internal_tools.go:875.34,877.3 1 0
mobius/adapter_internal_tools.go:878.2,878.23 1 0
mobius/adapter_internal_tools.go:878.23,880.3 1 0
mobius/adapter_internal_tools.go:881.2,881.68 1 0
mobius/adapter_internal_tools.go:881.68,883.3 1 0
mobius/adapter_internal_tools.go:884.2,884.88 1 0
mobius/adapter_internal_tools.go:886.105,889.34 3 0
mobius/adapter_internal_tools.go:889.34,891.3 1 0
mobius/adapter_internal_tools.go:892.2,892.23 1 0
mobius/adapter_internal_tools.go:892.23,894.3 1 0
mobius/adapter_internal_tools.go:895.2,895.70 1 0
mobius/adapter_internal_tools.go:895.70,897.3 1 0
mobius/adapter_internal_tools.go:898.2,898.90 1 0
mobius/adapter_internal_tools.go:907.71,908.67 1 0
mobius/adapter_internal_tools.go:908.67,910.3 1 0
mobius/adapter_internal_tools.go:911.2,911.62 1 0
mobius/adapter_internal_tools.go:911.62,913.3 1 0
mobius/adapter_internal_tools.go:914.2,914.61 1 0
mobius/adapter_internal_tools.go:914.61,916.3 1 0
mobius/adapter_internal_tools.go:917.2,917.11 1 0
mobius/adapter_internal_tools.go:920.92,922.20 2 0
mobius/adapter_internal_tools.go:922.20,924.3 1 0
mobius/adapter_internal_tools.go:926.2,927.43 2 0
mobius/adapter_internal_tools.go:927.43,929.3 1 0
mobius/adapter_internal_tools.go:931.2,932.16 2 0
mobius/adapter_internal_tools.go:932.16,934.3 1 0
mobius/adapter_internal_tools.go:935.2,935.49 1 0
mobius/adapter_internal_tools.go:938.54,941.16 3 0
mobius/adapter_internal_tools.go:941.16,943.17 2 0
mobius/adapter_internal_tools.go:943.17,945.4 1 0
mobius/adapter_internal_tools.go:947.2,947.48 1 0
mobius/adapter_internal_tools.go:950.54,952.2 1 0
mobius/adapter_internal_tools.go:954.137,957.43 3 0
mobius/adapter_internal_tools.go:957.43,959.3 1 0
mobius/adapter_internal_tools.go:960.2,960.21 1 0
mobius/adapter_internal_tools.go:960.21,962.3 1 0
mobius/adapter_internal_tools.go:964.2,967.54 3 0
mobius/adapter_internal_tools.go:967.54,969.3 1 0
mobius/adapter_internal_tools.go:971.2,972.16 2 0
mobius/adapter_internal_tools.go:972.16,974.3 1 0
mobius/adapter_internal_tools.go:976.2,981.3 1 0
mobius/adapter_internal_tools.go:988.186,989.28 1 0
mobius/adapter_internal_tools.go:989.28,991.3 1 0
mobius/adapter_internal_tools.go:992.2,992.21 1 0
mobius/adapter_internal_tools.go:992.21,994.3 1 0
mobius/adapter_internal_tools.go:995.2,995.20 1 0
mobius/adapter_internal_tools.go:995.20,997.3 1 0
mobius/adapter_internal_tools.go:999.2,1000.16 2 0
mobius/adapter_internal_tools.go:1000.16,1002.3 1 0
mobius/adapter_internal_tools.go:1004.2,1005.24 2 0
mobius/adapter_internal_tools.go:1005.24,1007.47 2 0
mobius/adapter_internal_tools.go:1007.47,1009.4 1 0
mobius/adapter_internal_tools.go:1010.3,1010.47 1 0
mobius/adapter_internal_tools.go:1013.2,1015.16 3 0
mobius/adapter_internal_tools.go:1015.16,1017.3 1 0
mobius/adapter_internal_tools.go:1018.2,1018.66 1 0
mobius/adapter_internal_tools.go:1018.66,1020.3 1 0
mobius/adapter_internal_tools.go:1023.2,1023.40 1 0
mobius/adapter_internal_tools.go:1023.40,1024.72 1 0
mobius/adapter_internal_tools.go:1024.72,1026.4 1 0
mobius/adapter_internal_tools.go:1027.8,1030.18 3 0
mobius/adapter_internal_tools.go:1030.18,1032.4 1 0
mobius/adapter_internal_tools.go:1033.3,1033.62 1 0
mobius/adapter_internal_tools.go:1033.62,1035.4 1 0
mobius/adapter_internal_tools.go:1038.2,1039.16 2 0
mobius/adapter_internal_tools.go:1039.16,1041.3 1 0
mobius/adapter_internal_tools.go:1043.2,1044.20 2 0
mobius/adapter_internal_tools.go:1044.20,1046.3 1 0
mobius/adapter_internal_tools.go:1047.2,1050.41 4 0
mobius/adapter_internal_tools.go:1050.41,1052.24 2 0
mobius/adapter_internal_tools.go:1052.24,1055.4 2 0
mobius/adapter_internal_tools.go:1055.9,1057.4 1 0
mobius/adapter_internal_tools.go:1060.2,1061.39 2 0
mobius/adapter_internal_tools.go:1061.39,1062.23 1 0
mobius/adapter_internal_tools.go:1062.23,1063.31 1 0
mobius/adapter_internal_tools.go:1063.31,1065.5 1 0
mobius/adapter_internal_tools.go:1068.2,1068.20 1 0
mobius/adapter_internal_tools.go:1068.20,1070.3 1 0
mobius/adapter_internal_tools.go:1072.2,1090.57 3 0
mobius/adapter_internal_tools.go:1090.57,1092.3 1 0
mobius/adapter_internal_tools.go:1093.2,1093.16 1 0
mobius/adapter_internal_tools.go:1093.16,1095.3 1 0
mobius/adapter_internal_tools.go:1097.2,1104.3 2 0
mobius/adapter_internal_tools.go:1111.101,1112.15 1 0
mobius/adapter_internal_tools.go:1112.15,1113.64 1 0
mobius/adapter_internal_tools.go:1113.64,1115.4 1 0
mobius/adapter_internal_tools.go:1117.2,1117.62 1 0
mobius/adapter_internal_tools.go:1120.192,1125.35 4 0
mobius/adapter_internal_tools.go:1125.35,1127.3 1 0
mobius/adapter_internal_tools.go:1128.2,1128.21 1 0
mobius/adapter_internal_tools.go:1128.21,1130.3 1 0
mobius/adapter_internal_tools.go:1131.2,1131.16 1 0
mobius/adapter_internal_tools.go:1131.16,1133.3 1 0
mobius/adapter_internal_tools.go:1137.2,1139.15 3 0
mobius/adapter_internal_tools.go:1139.15,1140.60 1 0
mobius/adapter_internal_tools.go:1140.60,1143.4 2 0
mobius/adapter_internal_tools.go:1145.2,1150.16 4 0
mobius/adapter_internal_tools.go:1150.16,1152.3 1 0
mobius/adapter_internal_tools.go:1154.2,1155.17 2 0
mobius/adapter_internal_tools.go:1155.17,1156.57 1 0
mobius/adapter_internal_tools.go:1156.57,1158.4 1 0
mobius/adapter_internal_tools.go:1164.2,1164.15 1 0
mobius/adapter_internal_tools.go:1164.15,1166.3 1 0
mobius/adapter_internal_tools.go:1168.2,1168.68 1 0
mobius/adapter_internal_tools.go:1173.173,1176.17 3 0
mobius/adapter_internal_tools.go:1176.17,1179.3 2 0
mobius/adapter_internal_tools.go:1181.2,1183.17 3 0
mobius/adapter_internal_tools.go:1183.17,1185.3 1 0
mobius/adapter_internal_tools.go:1187.2,1207.57 3 0
mobius/adapter_internal_tools.go:1207.57,1210.3 2 0
mobius/adapter_internal_tools.go:1211.2,1211.34 1 0
mobius/adapter_internal_tools.go:1211.34,1213.3 1 0
mobius/adapter_internal_tools.go:1214.2,1214.119 1 0
mobius/adapter_internal_tools.go:1217.133,1222.35 4 0
mobius/adapter_internal_tools.go:1222.35,1224.3 1 0
mobius/adapter_internal_tools.go:1225.2,1225.21 1 0
mobius/adapter_internal_tools.go:1225.21,1227.3 1 0
mobius/adapter_internal_tools.go:1228.2,1228.19 1 0
mobius/adapter_internal_tools.go:1228.19,1230.3 1 0
mobius/adapter_internal_tools.go:1232.2,1238.16 5 0
mobius/adapter_internal_tools.go:1238.16,1240.3 1 0
mobius/adapter_internal_tools.go:1242.2,1242.68 1 0
mobius/adapter_internal_tools.go:1245.167,1247.22 2 0
mobius/adapter_internal_tools.go:1247.22,1249.3 1 0
mobius/adapter_internal_tools.go:1250.2,1250.21 1 0
mobius/adapter_internal_tools.go:1250.21,1252.3 1 0
mobius/adapter_internal_tools.go:1254.2,1259.16 4 0
mobius/adapter_internal_tools.go:1259.16,1261.3 1 0
mobius/adapter_internal_tools.go:1264.2,1264.15 1 0
mobius/adapter_internal_tools.go:1264.15,1272.55 6 0
mobius/adapter_internal_tools.go:1272.55,1277.19 4 0
mobius/adapter_internal_tools.go:1277.19,1279.5 1 0
mobius/adapter_internal_tools.go:1280.4,1280.26 1 0
mobius/adapter_internal_tools.go:1280.26,1282.5 1 0
mobius/adapter_internal_tools.go:1282.10,1284.5 1 0
mobius/adapter_internal_tools.go:1285.9,1287.4 1 0
mobius/adapter_internal_tools.go:1289.3,1293.19 4 0
mobius/adapter_internal_tools.go:1293.19,1295.4 1 0
mobius/adapter_internal_tools.go:1297.3,1314.58 2 0
mobius/adapter_internal_tools.go:1314.58,1316.4 1 0
mobius/adapter_internal_tools.go:1316.9,1318.4 1 0
mobius/adapter_internal_tools.go:1321.2,1322.34 2 0
mobius/adapter_internal_tools.go:1322.34,1324.3 1 0
mobius/adapter_internal_tools.go:1326.2,1330.3 1 0
mobius/adapter_internal_tools.go:1333.130,1335.92 2 1
mobius/adapter_internal_tools.go:1335.92,1339.3 3 0
mobius/adapter_internal_tools.go:1341.2,1341.22 1 1
mobius/adapter_internal_tools.go:1341.22,1345.3 3 1
mobius/adapter_internal_tools.go:1347.2,1348.22 2 0
mobius/adapter_internal_tools.go:1348.22,1350.3 1 0
mobius/adapter_internal_tools.go:1352.2,1353.19 2 0
mobius/adapter_internal_tools.go:1353.19,1355.3 1 0
mobius/adapter_internal_tools.go:1357.2,1358.19 2 0
mobius/adapter_internal_tools.go:1358.19,1360.3 1 0
mobius/adapter_internal_tools.go:1362.2,1372.16 5 0
mobius/adapter_internal_tools.go:1372.16,1374.3 1 0
mobius/adapter_internal_tools.go:1376.2,1376.84 1 0
mobius/adapter_internal_tools.go:1376.84,1378.3 1 0
mobius/adapter_internal_tools.go:1380.2,1381.24 2 0
mobius/adapter_internal_tools.go:1381.24,1383.3 1 0
mobius/adapter_internal_tools.go:1385.2,1385.68 1 0
mobius/adapter_internal_tools.go:1385.68,1387.3 1 0
mobius/adapter_internal_tools.go:1389.2,1389.49 1 0
mobius/adapter_internal_tools.go:1392.100,1394.68 2 1
mobius/adapter_internal_tools.go:1394.68,1396.3 1 0
mobius/adapter_internal_tools.go:1397.2,1397.58 1 1
mobius/adapter_internal_tools.go:1400.47,1402.21 2 0
mobius/adapter_internal_tools.go:1402.21,1404.3 1 0
mobius/adapter_internal_tools.go:1405.2,1408.22 4 0
mobius/adapter_internal_tools.go:1408.22,1410.3 1 0
mobius/adapter_internal_tools.go:1411.2,1412.18 2 0
mobius/adapter_internal_tools.go:1412.18,1414.3 1 0
mobius/adapter_internal_tools.go:1415.2,1415.17 1 0
mobius/adapter_internal_tools.go:1415.17,1416.18 1 0
mobius/adapter_internal_tools.go:1416.18,1418.4 1 0
mobius/adapter_internal_tools.go:1419.3,1419.15 1 0
mobius/adapter_internal_tools.go:1420.8,1421.19 1 0
mobius/adapter_internal_tools.go:1421.19,1423.4 1 0
mobius/adapter_internal_tools.go:1424.3,1424.15 1 0
mobius/adapter_internal_tools.go:1428.71,1438.16 8 1
mobius/adapter_internal_tools.go:1438.16,1440.3 1 0
mobius/adapter_internal_tools.go:1441.2,1461.34 17 1
mobius/adapter_internal_tools.go:1461.34,1465.30 4 1
mobius/adapter_internal_tools.go:1465.30,1467.14 2 1
mobius/adapter_internal_tools.go:1467.14,1469.5 1 1
mobius/adapter_internal_tools.go:1470.4,1471.61 2 1
mobius/adapter_internal_tools.go:1473.3,1474.44 2 1
mobius/adapter_internal_tools.go:1477.2,1477.12 1 1
mobius/adapter_internal_tools.go:1484.79,1488.55 3 1
mobius/adapter_internal_tools.go:1488.55,1491.17 3 1
mobius/adapter_internal_tools.go:1491.17,1493.4 1 0
mobius/adapter_internal_tools.go:1494.3,1495.23 2 1
mobius/adapter_internal_tools.go:1498.2,1498.59 1 1
mobius/adapter_internal_tools.go:1498.59,1504.30 5 1
mobius/adapter_internal_tools.go:1504.30,1507.18 3 1
mobius/adapter_internal_tools.go:1507.18,1509.13 2 0
mobius/adapter_internal_tools.go:1511.4,1513.76 3 1
mobius/adapter_internal_tools.go:1515.3,1515.40 1 1
mobius/adapter_internal_tools.go:1518.2,1518.65 1 0
mobius/adapter_internal_tools.go:1518.65,1521.17 3 0
mobius/adapter_internal_tools.go:1521.17,1524.18 3 0
mobius/adapter_internal_tools.go:1524.18,1526.5 1 0
mobius/adapter_internal_tools.go:1528.3,1529.23 2 0
mobius/adapter_internal_tools.go:1532.2,1532.58 1 0
mobius/adapter_internal_tools.go:1535.57,1537.16 2 1
mobius/adapter_internal_tools.go:1537.16,1539.3 1 0
mobius/adapter_internal_tools.go:1540.2,1540.26 1 1
mobius/adapter_internal_tools.go:1543.34,1570.2 1 1
mobius/adapter_internal_tools.go:1577.112,1582.75 4 1
mobius/adapter_internal_tools.go:1582.75,1584.3 1 0
mobius/adapter_internal_tools.go:1587.2,1595.92 5 1
mobius/adapter_internal_tools.go:1595.92,1597.27 2 1
mobius/adapter_internal_tools.go:1597.27,1599.4 1 0
mobius/adapter_internal_tools.go:1600.3,1604.30 5 1
mobius/adapter_internal_tools.go:1604.30,1606.4 1 0
mobius/adapter_internal_tools.go:1607.3,1607.74 1 1
mobius/adapter_internal_tools.go:1611.2,1612.94 2 1
mobius/adapter_internal_tools.go:1612.94,1614.27 2 1
mobius/adapter_internal_tools.go:1614.27,1616.4 1 0
mobius/adapter_internal_tools.go:1617.3,1620.26 4 1
mobius/adapter_internal_tools.go:1620.26,1622.4 1 0
mobius/adapter_internal_tools.go:1624.3,1625.54 2 1
mobius/adapter_internal_tools.go:1625.54,1627.4 1 0
mobius/adapter_internal_tools.go:1628.3,1628.54 1 1
mobius/adapter_internal_tools.go:1628.54,1630.4 1 0
mobius/adapter_internal_tools.go:1632.3,1634.17 3 1
mobius/adapter_internal_tools.go:1634.17,1638.18 4 0
mobius/adapter_internal_tools.go:1638.18,1641.5 2 0
mobius/adapter_internal_tools.go:1644.3,1645.21 2 1
mobius/adapter_internal_tools.go:1645.21,1647.4 1 0
mobius/adapter_internal_tools.go:1648.3,1651.33 3 1
mobius/adapter_internal_tools.go:1654.2,1655.78 2 1
mobius/adapter_internal_tools.go:1655.78,1657.3 1 0
mobius/adapter_internal_tools.go:1659.2,1660.70 2 1
mobius/adapter_internal_tools.go:1660.70,1662.3 1 1
mobius/adapter_internal_tools.go:1664.2,1665.38 2 1
mobius/adapter_internal_tools.go:1665.38,1668.3 2 1
mobius/adapter_internal_tools.go:1669.2,1669.44 1 1
mobius/adapter_internal_tools.go:1669.44,1672.3 2 1
mobius/adapter_internal_tools.go:1673.2,1673.89 1 1
mobius/adapter_internal_tools.go:1673.89,1675.3 1 1
mobius/adapter_internal_tools.go:1677.2,1677.20 1 1
mobius/adapter_internal_tools.go:1680.155,1682.15 2 1
mobius/adapter_internal_tools.go:1682.15,1684.3 1 1
mobius/adapter_internal_tools.go:1685.2,1687.33 2 1
mobius/adapter_internal_tools.go:1687.33,1688.33 1 1
mobius/adapter_internal_tools.go:1688.33,1690.4 1 1
mobius/adapter_internal_tools.go:1691.3,1691.27 1 1
mobius/adapter_internal_tools.go:1694.2,1696.16 3 0
mobius/adapter_internal_tools.go:1696.16,1699.3 2 0
mobius/adapter_internal_tools.go:1701.2,1702.25 2 0
mobius/bq.go:27.71,29.53 2 0
mobius/bq.go:29.53,31.3 1 0
mobius/bq.go:33.2,34.21 2 0
mobius/bq.go:34.21,36.3 1 0
mobius/bq.go:37.2,38.16 2 0
mobius/bq.go:38.16,40.3 1 0
mobius/bq.go:42.2,43.17 2 0
mobius/bq.go:43.17,45.3 1 0
mobius/bq.go:46.2,47.22 2 0
mobius/bq.go:47.22,49.3 1 0
mobius/bq.go:51.2,52.28 2 0
mobius/bq.go:52.28,54.3 1 0
mobius/bq.go:55.2,56.22 2 0
mobius/bq.go:56.22,58.3 1 0
mobius/bq.go:59.2,60.27 2 0
mobius/bq.go:60.27,62.3 1 0
mobius/bq.go:63.2,64.24 2 0
mobius/bq.go:64.24,66.3 1 0
mobius/bq.go:68.2,75.46 2 0
mobius/bq.go:75.46,78.3 2 0
mobius/bq.go:79.2,79.44 1 0
mobius/bq.go:79.44,82.3 2 0
mobius/bq.go:83.2,83.49 1 0
mobius/bq.go:83.49,86.3 2 0
mobius/bq.go:88.2,89.16 2 0
mobius/bq.go:92.62,95.16 3 0
mobius/bq.go:95.16,97.3 1 0
mobius/bq.go:98.2,98.68 1 0
mobius/bq.go:98.68,100.3 1 0
mobius/bq.go:101.2,102.12 2 0
mobius/bq.go:105.60,108.16 3 0
mobius/bq.go:108.16,110.3 1 0
mobius/bq.go:112.2,132.51 3 0
mobius/bq.go:132.51,134.3 1 0
mobius/bq.go:135.2,136.12 2 0
mobius/bq.go:150.72,161.2 1 0
mobius/bq.go:163.84,166.29 3 0
mobius/bq.go:166.29,178.3 2 0
mobius/bq.go:179.2,179.48 1 0
mobius/bq.go:179.48,181.3 1 0
mobius/bq.go:182.2,182.12 1 0
mobius/bq.go:185.53,188.2 2 0
mobius/bq.go:190.35,192.2 1 0
mobius/bq.go:194.33,195.14 1 0
mobius/bq.go:195.14,197.3 1 0
mobius/bq.go:198.2,198.11 1 0
mobius/bq.go:203.65,206.16 3 0
mobius/bq.go:206.16,208.3 1 0
mobius/bq.go:210.2,241.51 3 0
mobius/bq.go:241.51,243.3 1 0
mobius/bq.go:244.2,245.12 2 0
mobius/bq.go:270.72,292.2 1 0
mobius/bq.go:294.91,296.48 2 0
mobius/bq.go:296.48,298.3 1 0
mobius/bq.go:299.2,299.12 1 0
mobius/bq.go:308.52,314.2 1 0
mobius/bq.go:316.50,317.9 1 0
mobius/bq.go:318.23,318.23 0 0
mobius/bq.go:319.10,320.54 1 0
mobius/bq.go:324.53,332.42 5 0
mobius/bq.go:332.42,333.22 1 0
mobius/bq.go:333.22,335.4 1 0
mobius/bq.go:336.3,338.79 3 0
mobius/bq.go:338.79,340.4 1 0
mobius/bq.go:340.9,342.4 1 0
mobius/bq.go:345.2,345.6 1 0
mobius/bq.go:345.6,346.10 1 0
mobius/bq.go:347.26,349.24 2 0
mobius/bq.go:349.24,351.5 1 0
mobius/bq.go:352.19,353.14 1 0
mobius/bq.go:354.21,355.8 1 0
mobius/bq.go:355.8,356.12 1 0
mobius/bq.go:357.28,358.32 1 0
mobius/bq.go:359.13,363.12 4 0
mobius/bq.go:370.33,372.2 1 0
mobius/chat.go:25.124,29.30 3 0
mobius/chat.go:29.30,31.3 1 0
mobius/chat.go:33.2,34.20 2 0
mobius/chat.go:34.20,36.3 1 0
mobius/chat.go:38.2,39.27 2 0
mobius/chat.go:39.27,41.3 1 0
mobius/chat.go:42.2,47.16 2 0
mobius/chat.go:47.16,49.3 1 0
mobius/chat.go:51.2,53.21 2 0
mobius/chat.go:53.21,59.17 3 0
mobius/chat.go:59.17,61.4 1 0
mobius/chat.go:62.8,64.3 1 0
mobius/chat.go:66.2,66.40 1 0
mobius/chat.go:69.85,71.45 2 0
mobius/chat.go:71.45,72.17 1 0
mobius/chat.go:72.17,74.9 2 0
mobius/chat.go:76.3,76.19 1 0
mobius/chat.go:76.19,77.12 1 0
mobius/chat.go:79.3,80.46 2 0
mobius/chat.go:80.46,82.4 1 0
mobius/chat.go:83.3,83.20 1 0
mobius/chat.go:85.2,85.15 1 0
mobius/chat.go:88.67,90.61 2 0
mobius/chat.go:90.61,93.3 2 0
mobius/chat.go:95.2,95.46 1 0
mobius/chat.go:95.46,98.3 2 0
mobius/chat.go:100.2,101.17 2 0
mobius/chat.go:101.17,104.3 2 0
mobius/chat.go:106.2,121.55 5 0
mobius/chat.go:121.55,123.3 1 0
mobius/chat.go:125.2,125.23 1 0
mobius/chat.go:125.23,126.112 1 0
mobius/chat.go:126.112,128.4 1 0
mobius/chat.go:129.3,129.73 1 0
mobius/chat.go:129.73,131.4 1 0
mobius/chat.go:134.2,136.19 3 0
mobius/chat.go:136.19,138.3 1 0
mobius/chat.go:140.2,144.44 4 0
mobius/chat.go:144.44,146.17 2 0
mobius/chat.go:146.17,150.25 3 0
mobius/chat.go:150.25,152.34 2 0
mobius/chat.go:152.34,154.21 2 0
mobius/chat.go:154.21,156.7 1 0
mobius/chat.go:160.4,162.35 2 0
mobius/chat.go:162.35,163.54 1 0
mobius/chat.go:163.54,165.11 2 0
mobius/chat.go:169.8,169.30 1 0
mobius/chat.go:169.30,171.3 1 0
mobius/chat.go:174.2,175.18 2 0
mobius/chat.go:175.18,178.59 2 0
mobius/chat.go:178.59,188.4 2 0
mobius/chat.go:190.3,196.52 2 0
mobius/chat.go:196.52,198.19 2 0
mobius/chat.go:198.19,200.23 2 0
mobius/chat.go:200.23,202.61 2 0
mobius/chat.go:202.61,204.7 1 0
mobius/chat.go:205.6,205.81 1 0
mobius/chat.go:210.3,210.24 1 0
mobius/chat.go:210.24,212.22 2 0
mobius/chat.go:212.22,214.29 2 0
mobius/chat.go:214.29,216.21 2 0
mobius/chat.go:216.21,218.7 1 0
mobius/chat.go:219.6,219.66 1 0
mobius/chat.go:221.5,221.91 1 0
mobius/chat.go:227.2,232.36 5 0
mobius/chat.go:232.36,236.3 1 0
mobius/chat.go:239.2,240.21 2 0
mobius/chat.go:240.21,243.3 2 0
mobius/chat.go:245.2,250.9 5 0
mobius/chat.go:250.9,253.3 2 0
mobius/chat.go:255.2,256.43 2 0
mobius/chat.go:256.43,258.3 1 0
mobius/chat.go:259.2,260.18 2 0
mobius/chat.go:260.18,263.3 2 0
mobius/chat.go:265.2,269.29 1 0
mobius/chat.go:269.29,273.4 3 0
mobius/chat.go:274.50,275.20 1 0
mobius/chat.go:275.20,277.5 1 0
mobius/chat.go:281.4,282.17 2 0
mobius/chat.go:282.17,283.74 1 0
mobius/chat.go:283.74,285.6 1 0
mobius/chat.go:287.4,287.37 1 0
mobius/chat.go:287.37,289.5 1 0
mobius/chat.go:290.4,290.63 1 0
mobius/chat.go:292.42,296.4 3 0
mobius/chat.go:297.35,298.30 1 0
mobius/chat.go:298.30,300.5 1 0
mobius/chat.go:301.4,319.6 1 0
mobius/chat.go:323.2,324.16 2 0
mobius/chat.go:324.16,329.3 4 0
mobius/chat.go:331.2,331.24 1 0
mobius/chat.go:331.24,340.24 3 0
mobius/chat.go:340.24,342.114 2 0
mobius/chat.go:342.114,344.5 1 0
mobius/chat.go:345.4,345.74 1 0
mobius/chat.go:345.74,347.5 1 0
mobius/chat.go:351.2,351.30 1 0
mobius/chat.go:351.30,353.3 1 0
mobius/chat.go:354.2,357.48 3 0
mobius/chat.go:357.48,359.3 1 0
mobius/chat.go:360.2,360.70 1 0
mobius/chat.go:360.70,362.3 1 0
mobius/chat.go:364.2,364.23 1 0
mobius/chat.go:364.23,366.3 1 0
mobius/chat.go:368.2,368.48 1 0
mobius/chat.go:368.48,370.19 2 0
mobius/chat.go:370.19,373.4 2 0
mobius/chat.go:374.3,375.31 2 0
mobius/chat.go:375.31,377.4 1 0
mobius/chat.go:378.3,385.7 2 0
mobius/chat.go:388.2,389.44 1 0
mobius/chat.go:389.44,392.3 1 0
mobius/chat.go:394.2,396.17 3 0
mobius/config.go:32.56,33.26 1 1
mobius/config.go:33.26,35.3 1 1
mobius/config.go:36.2,37.31 2 1
mobius/config.go:37.31,39.3 1 1
mobius/config.go:40.2,41.31 2 1
mobius/config.go:41.31,43.3 1 1
mobius/config.go:44.2,44.27 1 1
mobius/config.go:44.27,46.3 1 1
mobius/config.go:47.2,47.32 1 1
mobius/config.go:47.32,49.3 1 1
mobius/config.go:50.2,50.31 1 1
mobius/config.go:50.31,52.3 1 1
mobius/config.go:53.2,53.31 1 1
mobius/config.go:53.31,55.3 1 1
mobius/config.go:56.2,56.31 1 1
mobius/config.go:56.31,58.3 1 1
mobius/config.go:59.2,59.29 1 1
mobius/config.go:59.29,61.3 1 1
mobius/config.go:62.2,62.31 1 1
mobius/config.go:62.31,64.3 1 1
mobius/config.go:65.2,65.27 1 1
mobius/config.go:65.27,67.3 1 1
mobius/config.go:68.2,68.28 1 1
mobius/config.go:68.28,70.3 1 1
mobius/config.go:71.2,71.22 1 1
mobius/config.go:71.22,73.3 1 1
mobius/config.go:109.52,110.23 1 1
mobius/config.go:110.23,112.3 1 1
mobius/config.go:113.2,114.24 2 1
mobius/config.go:114.24,119.3 1 1
mobius/config.go:120.2,120.24 1 1
mobius/config.go:120.24,125.3 1 1
mobius/config.go:126.2,126.26 1 1
mobius/config.go:126.26,131.3 1 1
mobius/config.go:132.2,132.15 1 1
mobius/config.go:135.84,139.27 4 1
mobius/config.go:139.27,140.26 1 1
mobius/config.go:140.26,141.12 1 1
mobius/config.go:143.3,143.16 1 1
mobius/config.go:143.16,145.4 1 1
mobius/config.go:146.3,146.13 1 1
mobius/config.go:146.13,149.4 2 1
mobius/config.go:151.2,151.11 1 1
mobius/config.go:151.11,153.3 1 1
mobius/config.go:154.2,154.15 1 1
mobius/config.go:157.66,159.15 2 1
mobius/config.go:159.15,161.3 1 1
mobius/config.go:162.2,162.36 1 1
mobius/config.go:173.40,174.24 1 1
mobius/config.go:174.24,176.3 1 1
mobius/config.go:177.2,177.23 1 1
mobius/config.go:177.23,179.3 1 1
mobius/config.go:180.2,180.28 1 1
mobius/config.go:180.28,182.3 1 1
mobius/config.go:183.2,183.27 1 1
mobius/config.go:183.27,185.3 1 1
mobius/config.go:186.2,186.26 1 1
mobius/config.go:186.26,188.3 1 1
mobius/config.go:269.41,271.13 2 1
mobius/config.go:271.13,273.3 1 1
mobius/config.go:274.2,274.24 1 1
mobius/config.go:277.45,281.13 4 1
mobius/config.go:281.13,283.3 1 1
mobius/config.go:285.2,286.9 2 1
mobius/config.go:287.26,288.26 1 1
mobius/config.go:289.68,290.38 1 1
mobius/config.go:293.2,300.3 1 1
mobius/config.go:303.48,311.2 7 1
mobius/config.go:313.47,315.16 2 0
mobius/config.go:315.16,317.3 1 0
mobius/config.go:318.2,321.56 3 0
mobius/config.go:321.56,323.3 1 0
mobius/config.go:324.2,328.18 5 0
mobius/config.go:331.49,336.16 4 0
mobius/config.go:336.16,338.3 1 0
mobius/config.go:339.2,339.39 1 0
mobius/conversations.go:55.48,57.2 1 1
mobius/conversations.go:59.26,66.2 5 1
mobius/conversations.go:68.69,71.27 3 0
mobius/conversations.go:71.27,73.3 1 0
mobius/conversations.go:76.51,80.28 4 0
mobius/conversations.go:80.28,82.3 1 0
mobius/conversations.go:83.2,83.12 1 0
mobius/conversations.go:86.52,100.2 6 1
mobius/conversations.go:102.58,106.2 3 1
mobius/conversations.go:108.64,111.52 3 1
mobius/conversations.go:111.52,113.3 1 1
mobius/conversations.go:116.58,121.28 4 1
mobius/conversations.go:121.28,128.3 1 1
mobius/conversations.go:129.2,129.38 1 1
mobius/conversations.go:129.38,131.3 1 1
mobius/conversations.go:132.2,132.12 1 1
mobius/conversations.go:135.64,140.9 4 1
mobius/conversations.go:140.9,142.3 1 0
mobius/conversations.go:143.2,143.18 1 1
mobius/conversations.go:143.18,145.3 1 0
mobius/conversations.go:146.2,149.49 3 1
mobius/conversations.go:149.49,151.22 2 1
mobius/conversations.go:151.22,153.4 1 0
mobius/conversations.go:154.3,154.18 1 1
mobius/conversations.go:158.71,163.9 4 1
mobius/conversations.go:163.9,165.3 1 0
mobius/conversations.go:166.2,166.19 1 1
mobius/conversations.go:166.19,168.3 1 0
mobius/conversations.go:169.2,169.33 1 1
mobius/conversations.go:169.33,172.3 2 1
mobius/conversations.go:173.2,173.13 1 1
mobius/conversations.go:176.59,181.9 4 1
mobius/conversations.go:181.9,183.3 1 0
mobius/conversations.go:184.2,186.13 3 1
mobius/conversations.go:189.52,193.31 3 1
mobius/conversations.go:193.31,195.3 1 1
mobius/conversations.go:196.2,197.13 2 1
mobius/conversations.go:202.80,203.20 1 0
mobius/conversations.go:203.20,205.3 1 0
mobius/conversations.go:206.2,206.69 1 0
mobius/conversations.go:209.80,213.16 4 0
mobius/conversations.go:213.16,215.3 1 0
mobius/conversations.go:216.2,216.39 1 0
mobius/conversations.go:221.91,227.16 2 0
mobius/conversations.go:227.16,229.3 1 0
mobius/conversations.go:230.2,230.12 1 0
mobius/conversations.go:233.82,236.2 2 0
mobius/conversations.go:238.113,241.21 3 0
mobius/conversations.go:241.21,244.3 2 0
mobius/conversations.go:245.2,248.16 3 0
mobius/conversations.go:248.16,250.3 1 0
mobius/conversations.go:251.2,254.18 3 0
mobius/conversations.go:254.18,256.80 2 0
mobius/conversations.go:256.80,258.4 1 0
mobius/conversations.go:259.3,259.23 1 0
mobius/conversations.go:261.2,261.16 1 0
mobius/conversations.go:261.16,263.3 1 0
mobius/conversations.go:264.2,264.17 1 0
mobius/conversations.go:269.80,271.2 1 0
mobius/conversations.go:273.78,276.14 3 0
mobius/conversations.go:276.14,279.3 2 0
mobius/conversations.go:280.2,280.17 1 0
mobius/conversations.go:283.81,287.23 3 0
mobius/conversations.go:287.23,288.70 1 0
mobius/conversations.go:288.70,290.4 1 0
mobius/conversations.go:292.2,292.23 1 0
mobius/conversations.go:292.23,293.75 1 0
mobius/conversations.go:293.75,295.4 1 0
mobius/conversations.go:297.2,297.59 1 0
mobius/conversations.go:297.59,299.3 1 0
mobius/conversations.go:301.2,301.17 1 0
mobius/conversations.go:304.81,309.82 3 0
mobius/conversations.go:309.82,312.3 2 0
mobius/conversations.go:313.2,313.45 1 0
mobius/conversations.go:313.45,316.3 2 0
mobius/conversations.go:318.2,318.23 1 0
mobius/conversations.go:318.23,319.89 1 0
mobius/conversations.go:319.89,321.4 1 0
mobius/conversations.go:324.2,324.49 1 0
mobius/conversations.go:327.83,332.62 3 0
mobius/conversations.go:332.62,335.3 2 0
mobius/conversations.go:336.2,336.53 1 0
mobius/conversations.go:336.53,339.3 2 0
mobius/conversations.go:341.2,343.23 2 0
mobius/conversations.go:343.23,344.90 1 0
mobius/conversations.go:344.90,346.4 1 0
mobius/conversations.go:347.3,347.70 1 0
mobius/conversations.go:347.70,349.4 1 0
mobius/conversations.go:352.2,353.17 2 0
mobius/conversations.go:356.81,360.17 3 0
mobius/conversations.go:360.17,363.3 2 0
mobius/conversations.go:365.2,366.36 2 0
mobius/conversations.go:366.36,368.3 1 0
mobius/conversations.go:370.2,370.33 1 0
mobius/conversations.go:370.33,373.3 2 0
mobius/conversations.go:375.2,375.23 1 0
mobius/conversations.go:375.23,376.72 1 0
mobius/conversations.go:376.72,378.4 1 0
mobius/conversations.go:381.2,381.23 1 0
mobius/conversations.go:381.23,382.76 1 0
mobius/conversations.go:382.76,384.4 1 0
mobius/conversations.go:387.2,388.67 2 0
mobius/conversations.go:388.67,390.3 1 0
mobius/conversations.go:392.2,392.26 1 0
mobius/conversations.go:392.26,393.43 1 0
mobius/conversations.go:393.43,394.68 1 0
mobius/conversations.go:394.68,396.5 1 0
mobius/conversations.go:400.2,401.49 2 0
mobius/delegation.go:17.54,18.47 1 0
mobius/delegation.go:18.47,19.54 1 0
mobius/delegation.go:19.54,22.4 2 0
mobius/delegation.go:24.2,24.12 1 0
mobius/delegation.go:32.18,33.19 1 0
mobius/delegation.go:34.23,35.67 1 0
mobius/delegation.go:36.23,37.51 1 0
mobius/delegation.go:38.28,39.44 1 0
mobius/delegation.go:40.21,41.49 1 0
mobius/delegation.go:42.19,43.36 1 0
mobius/delegation.go:44.22,45.66 1 0
mobius/delegation.go:46.23,47.44 1 0
mobius/delegation.go:48.24,49.68 1 0
mobius/delegation.go:50.20,51.45 1 0
mobius/delegation.go:52.23,53.37 1 0
mobius/delegation.go:54.24,55.38 1 0
mobius/delegation.go:56.22,57.47 1 0
mobius/delegation.go:58.28,59.59 1 0
mobius/delegation.go:60.18,61.43 1 0
mobius/delegation.go:62.21,63.46 1 0
mobius/delegation.go:64.26,65.57 1 0
mobius/delegation.go:66.24,67.49 1 0
mobius/delegation.go:68.25,69.50 1 0
mobius/delegation.go:70.21,71.46 1 0
mobius/delegation.go:72.22,73.47 1 0
mobius/delegation.go:74.24,75.49 1 0
mobius/delegation.go:76.22,77.47 1 0
mobius/delegation.go:78.23,79.48 1 0
mobius/delegation.go:80.23,81.48 1 0
mobius/delegation.go:82.23,83.48 1 0
mobius/delegation.go:84.28,85.48 1 0
mobius/delegation.go:86.27,87.47 1 0
mobius/delegation.go:88.31,89.51 1 0
mobius/delegation.go:90.29,91.49 1 0
mobius/delegation.go:92.38,93.64 1 0
mobius/delegation.go:94.35,95.42 1 0
mobius/delegation.go:96.36,97.42 1 0
mobius/delegation.go:98.29,99.115 1 0
mobius/delegation.go:100.24,101.149 1 0
mobius/delegation.go:102.24,103.111 1 0
mobius/delegation.go:104.29,105.140 1 0
mobius/delegation.go:106.31,108.63 2 0
mobius/delegation.go:108.63,110.4 1 0
mobius/delegation.go:111.3,111.150 1 0
mobius/delegation.go:112.19,113.86 1 0
mobius/delegation.go:114.25,115.59 1 0
mobius/delegation.go:116.20,117.55 1 0
mobius/delegation.go:118.26,119.104 1 0
mobius/delegation.go:120.26,121.82 1 0
mobius/delegation.go:122.10,123.63 1 0
mobius/delegation.go:127.100,129.42 2 0
mobius/delegation.go:129.42,131.3 1 0
mobius/delegation.go:132.2,134.33 3 0
mobius/delegation.go:134.33,136.3 1 0
mobius/delegation.go:137.2,138.16 2 0
mobius/delegation.go:138.16,140.3 1 0
mobius/delegation.go:141.2,142.16 2 0
mobius/delegation.go:142.16,144.3 1 0
mobius/delegation.go:145.2,146.70 2 0
mobius/delegation.go:146.70,148.3 1 0
mobius/delegation.go:150.2,150.23 1 0
mobius/delegation.go:150.23,156.28 6 0
mobius/delegation.go:156.28,159.4 2 0
mobius/delegation.go:160.3,168.43 2 0
mobius/delegation.go:170.2,170.81 1 0
mobius/delegation.go:173.99,175.42 2 0
mobius/delegation.go:175.42,177.3 1 0
mobius/delegation.go:178.2,179.16 2 0
mobius/delegation.go:179.16,181.3 1 0
mobius/delegation.go:182.2,183.16 2 0
mobius/delegation.go:183.16,185.3 1 0
mobius/delegation.go:186.2,187.16 2 0
mobius/delegation.go:187.16,189.3 1 0
mobius/delegation.go:190.2,191.16 2 0
mobius/delegation.go:191.16,193.3 1 0
mobius/delegation.go:194.2,194.82 1 0
mobius/delegation.go:197.103,199.42 2 0
mobius/delegation.go:199.42,201.3 1 0
mobius/delegation.go:202.2,205.16 4 0
mobius/delegation.go:205.16,207.3 1 0
mobius/delegation.go:208.2,209.27 2 0
mobius/delegation.go:209.27,211.3 1 0
mobius/delegation.go:212.2,212.20 1 0
mobius/delegation.go:212.20,214.3 1 0
mobius/delegation.go:215.2,215.66 1 0
mobius/delegation.go:218.101,220.42 2 0
mobius/delegation.go:220.42,222.3 1 0
mobius/delegation.go:223.2,224.16 2 0
mobius/delegation.go:224.16,226.3 1 0
mobius/delegation.go:227.2,228.27 2 0
mobius/delegation.go:228.27,230.3 1 0
mobius/delegation.go:231.2,231.20 1 0
mobius/delegation.go:231.20,233.3 1 0
mobius/delegation.go:234.2,234.66 1 0
mobius/delegation.go:237.137,238.23 1 1
mobius/delegation.go:238.23,240.3 1 1
mobius/delegation.go:241.2,242.16 2 1
mobius/delegation.go:242.16,244.3 1 1
mobius/delegation.go:245.2,249.26 2 0
mobius/delegation.go:249.26,250.113 1 0
mobius/delegation.go:250.113,251.82 1 0
mobius/delegation.go:251.82,259.5 2 0
mobius/delegation.go:263.2,268.16 2 0
mobius/delegation.go:268.16,270.3 1 0
mobius/delegation.go:272.2,272.26 1 0
mobius/delegation.go:272.26,274.24 2 0
mobius/delegation.go:274.24,276.19 2 0
mobius/delegation.go:276.19,278.5 1 0
mobius/delegation.go:282.2,288.3 2 0
mobius/delegation.go:291.97,292.23 1 1
mobius/delegation.go:292.23,294.3 1 1
mobius/delegation.go:295.2,300.16 5 0
mobius/delegation.go:300.16,302.3 1 0
mobius/delegation.go:303.2,304.26 2 0
mobius/delegation.go:304.26,308.24 2 0
mobius/delegation.go:308.24,311.4 2 0
mobius/delegation.go:312.3,312.26 1 0
mobius/delegation.go:312.26,314.4 1 0
mobius/delegation.go:315.3,315.35 1 0
mobius/delegation.go:317.2,317.20 1 0
mobius/delegation.go:317.20,319.3 1 0
mobius/delegation.go:320.2,320.64 1 0
mobius/delegation.go:323.79,324.23 1 1
mobius/delegation.go:324.23,326.3 1 1
mobius/delegation.go:327.2,328.16 2 0
mobius/delegation.go:328.16,330.3 1 0
mobius/delegation.go:331.2,332.29 2 0
mobius/delegation.go:332.29,337.21 2 0
mobius/delegation.go:337.21,339.4 1 0
mobius/delegation.go:340.3,340.35 1 0
mobius/delegation.go:342.2,342.20 1 0
mobius/delegation.go:342.20,344.3 1 0
mobius/delegation.go:345.2,345.67 1 0
mobius/delegation.go:348.80,349.23 1 1
mobius/delegation.go:349.23,351.3 1 1
mobius/delegation.go:352.2,353.16 2 0
mobius/delegation.go:353.16,355.3 1 0
mobius/delegation.go:356.2,357.30 2 0
mobius/delegation.go:357.30,361.25 2 0
mobius/delegation.go:361.25,363.4 1 0
mobius/delegation.go:364.3,364.35 1 0
mobius/delegation.go:366.2,366.20 1 0
mobius/delegation.go:366.20,368.3 1 0
mobius/delegation.go:369.2,369.68 1 0
mobius/delegation.go:372.99,373.23 1 1
mobius/delegation.go:373.23,375.3 1 0
mobius/delegation.go:376.2,377.14 2 1
mobius/delegation.go:377.14,379.3 1 1
mobius/delegation.go:380.2,381.16 2 0
mobius/delegation.go:381.16,383.3 1 0
mobius/delegation.go:384.2,385.32 2 0
mobius/delegation.go:385.32,387.3 1 0
mobius/delegation.go:388.2,388.20 1 0
mobius/delegation.go:388.20,390.3 1 0
mobius/delegation.go:391.2,395.26 2 0
mobius/delegation.go:395.26,397.3 1 0
mobius/delegation.go:398.2,398.15 1 0
mobius/delegation.go:401.121,402.23 1 1
mobius/delegation.go:402.23,404.3 1 0
mobius/delegation.go:405.2,408.34 4 1
mobius/delegation.go:408.34,410.3 1 1
mobius/delegation.go:411.2,411.83 1 0
mobius/delegation.go:411.83,413.3 1 0
mobius/delegation.go:414.2,414.41 1 0
mobius/delegation.go:414.41,416.3 1 0
mobius/delegation.go:417.2,417.85 1 0
mobius/delegation.go:420.95,421.23 1 1
mobius/delegation.go:421.23,423.3 1 0
mobius/delegation.go:424.2,425.18 2 1
mobius/delegation.go:425.18,427.3 1 1
mobius/delegation.go:428.2,429.16 2 0
mobius/delegation.go:429.16,431.3 1 0
mobius/delegation.go:432.2,436.23 2 0
mobius/delegation.go:436.23,438.3 1 0
mobius/delegation.go:439.2,439.22 1 0
mobius/delegation.go:439.22,441.3 1 0
mobius/delegation.go:442.2,442.25 1 0
mobius/delegation.go:442.25,444.3 1 0
mobius/delegation.go:445.2,447.29 3 0
mobius/delegation.go:447.29,449.22 2 0
mobius/delegation.go:449.22,451.4 1 0
mobius/delegation.go:452.3,452.105 1 0
mobius/delegation.go:454.2,454.17 1 0
mobius/delegation.go:454.17,456.3 1 0
mobius/delegation.go:457.2,457.15 1 0
mobius/delegation.go:460.98,461.23 1 1
mobius/delegation.go:461.23,463.3 1 0
mobius/delegation.go:464.2,465.18 2 1
mobius/delegation.go:465.18,467.3 1 1
mobius/delegation.go:468.2,469.52 2 0
mobius/delegation.go:469.52,471.3 1 0
mobius/delegation.go:472.2,472.51 1 0
mobius/delegation.go:472.51,474.3 1 0
mobius/delegation.go:475.2,475.55 1 0
mobius/delegation.go:475.55,477.3 1 0
mobius/delegation.go:478.2,478.58 1 0
mobius/delegation.go:478.58,480.3 1 0
mobius/delegation.go:481.2,481.99 1 0
mobius/delegation.go:481.99,483.3 1 0
mobius/delegation.go:484.2,484.63 1 0
mobius/delegation.go:487.119,488.23 1 1
mobius/delegation.go:488.23,490.3 1 0
mobius/delegation.go:491.2,493.35 3 1
mobius/delegation.go:493.35,495.3 1 1
mobius/delegation.go:496.2,497.16 2 0
mobius/delegation.go:497.16,499.3 1 0
mobius/delegation.go:500.2,500.68 1 0
mobius/delegation.go:503.101,504.23 1 1
mobius/delegation.go:504.23,506.3 1 0
mobius/delegation.go:507.2,508.21 2 1
mobius/delegation.go:508.21,510.3 1 1
mobius/delegation.go:511.2,512.58 2 0
mobius/delegation.go:512.58,514.3 1 0
mobius/delegation.go:515.2,515.53 1 0
mobius/delegation.go:515.53,517.3 1 0
mobius/delegation.go:518.2,518.91 1 0
mobius/delegation.go:518.91,520.3 1 0
mobius/delegation.go:521.2,521.69 1 0
mobius/delegation.go:524.102,525.23 1 1
mobius/delegation.go:525.23,527.3 1 0
mobius/delegation.go:528.2,529.17 2 1
mobius/delegation.go:529.17,531.3 1 1
mobius/delegation.go:532.2,533.16 2 0
mobius/delegation.go:533.16,535.3 1 0
mobius/delegation.go:536.2,536.52 1 0
mobius/delegation.go:536.52,538.3 1 0
mobius/delegation.go:539.2,539.56 1 0
mobius/delegation.go:539.56,541.3 1 0
mobius/delegation.go:542.2,542.31 1 0
mobius/delegation.go:542.31,543.36 1 0
mobius/delegation.go:543.36,545.31 2 0
mobius/delegation.go:545.31,546.32 1 0
mobius/delegation.go:546.32,548.6 1 0
mobius/delegation.go:550.4,550.19 1 0
mobius/delegation.go:553.2,553.67 1 0
mobius/delegation.go:553.67,555.3 1 0
mobius/delegation.go:556.2,556.84 1 0
mobius/delegation.go:559.98,560.23 1 1
mobius/delegation.go:560.23,562.3 1 1
mobius/delegation.go:563.2,565.16 3 0
mobius/delegation.go:565.16,567.3 1 0
mobius/delegation.go:568.2,569.27 2 0
mobius/delegation.go:569.27,573.3 1 0
mobius/delegation.go:574.2,574.20 1 0
mobius/delegation.go:574.20,576.3 1 0
mobius/delegation.go:577.2,577.65 1 0
mobius/delegation.go:580.99,581.23 1 1
mobius/delegation.go:581.23,583.3 1 0
mobius/delegation.go:584.2,586.34 3 1
mobius/delegation.go:586.34,588.3 1 1
mobius/delegation.go:589.2,589.68 1 0
mobius/delegation.go:589.68,591.3 1 0
mobius/delegation.go:592.2,592.88 1 0
mobius/delegation.go:595.101,596.23 1 0
mobius/delegation.go:596.23,598.3 1 0
mobius/delegation.go:599.2,601.34 3 0
mobius/delegation.go:601.34,603.3 1 0
mobius/delegation.go:604.2,604.70 1 0
mobius/delegation.go:604.70,606.3 1 0
mobius/delegation.go:607.2,607.90 1 0
mobius/delegation.go:610.99,611.23 1 0
mobius/delegation.go:611.23,613.3 1 0
mobius/delegation.go:614.2,616.16 3 0
mobius/delegation.go:616.16,618.3 1 0
mobius/delegation.go:619.2,620.28 2 0
mobius/delegation.go:620.28,624.3 1 0
mobius/delegation.go:625.2,625.20 1 0
mobius/delegation.go:625.20,627.3 1 0
mobius/delegation.go:628.2,628.66 1 0
mobius/delegation.go:631.100,632.23 1 1
mobius/delegation.go:632.23,634.3 1 1
mobius/delegation.go:635.2,637.34 3 1
mobius/delegation.go:637.34,639.3 1 1
mobius/delegation.go:640.2,641.39 2 0
mobius/delegation.go:641.39,642.23 1 0
mobius/delegation.go:642.23,643.31 1 0
mobius/delegation.go:643.31,645.5 1 0
mobius/delegation.go:648.2,648.17 1 0
mobius/delegation.go:648.17,650.3 1 0
mobius/delegation.go:651.2,656.55 3 0
mobius/delegation.go:656.55,658.3 1 0
mobius/delegation.go:659.2,659.81 1 0
mobius/delegation.go:662.100,663.23 1 0
mobius/delegation.go:663.23,665.3 1 0
mobius/delegation.go:666.2,667.20 2 0
mobius/delegation.go:667.20,669.3 1 0
mobius/delegation.go:670.2,671.16 2 0
mobius/delegation.go:671.16,673.3 1 0
mobius/delegation.go:674.2,674.52 1 0
mobius/delegation.go:674.52,676.3 1 0
mobius/delegation.go:677.2,677.54 1 0
mobius/delegation.go:677.54,679.3 1 0
mobius/delegation.go:680.2,680.39 1 0
mobius/delegation.go:680.39,682.23 2 0
mobius/delegation.go:682.23,683.31 1 0
mobius/delegation.go:683.31,685.5 1 0
mobius/delegation.go:687.3,687.16 1 0
mobius/delegation.go:689.2,690.55 2 0
mobius/delegation.go:690.55,692.3 1 0
mobius/delegation.go:693.2,693.63 1 0
mobius/delegation.go:696.100,697.23 1 1
mobius/delegation.go:697.23,699.3 1 0
mobius/delegation.go:700.2,701.20 2 1
mobius/delegation.go:701.20,703.3 1 1
mobius/delegation.go:704.2,704.63 1 0
mobius/delegation.go:704.63,706.3 1 0
mobius/delegation.go:707.2,707.67 1 0
mobius/delegation.go:710.127,711.23 1 0
mobius/delegation.go:711.23,713.3 1 0
mobius/delegation.go:714.2,715.16 2 0
mobius/delegation.go:715.16,717.3 1 0
mobius/delegation.go:718.2,718.89 1 0
mobius/delegation.go:718.89,720.3 1 0
mobius/delegation.go:721.2,721.68 1 0
mobius/delegation.go:724.96,725.23 1 0
mobius/delegation.go:725.23,727.3 1 0
mobius/delegation.go:728.2,729.20 2 0
mobius/delegation.go:729.20,731.3 1 0
mobius/delegation.go:732.2,732.71 1 0
mobius/delegation.go:732.71,734.3 1 0
mobius/delegation.go:735.2,735.69 1 0
mobius/delegation.go:738.138,739.23 1 0
mobius/delegation.go:739.23,741.3 1 0
mobius/delegation.go:743.2,749.51 6 0
mobius/delegation.go:749.51,751.3 1 0
mobius/delegation.go:753.2,754.16 2 0
mobius/delegation.go:754.16,756.3 1 0
mobius/delegation.go:758.2,758.37 1 0
mobius/delegation.go:758.37,760.3 1 0
mobius/delegation.go:762.2,763.23 2 0
mobius/delegation.go:763.23,765.3 1 0
mobius/delegation.go:767.2,767.20 1 0
mobius/delegation.go:767.20,769.3 1 0
mobius/delegation.go:771.2,781.62 2 0
mobius/delegation.go:781.62,783.3 1 0
mobius/delegation.go:785.2,785.59 1 0
mobius/delegation.go:785.59,787.3 1 0
mobius/delegation.go:789.2,789.26 1 0
mobius/delegation.go:789.26,790.85 1 0
mobius/delegation.go:790.85,792.4 1 0
mobius/delegation.go:795.2,804.3 2 0
mobius/delegation.go:807.115,808.23 1 0
mobius/delegation.go:808.23,810.3 1 0
mobius/delegation.go:812.2,812.63 1 0
mobius/delegation.go:812.63,814.3 1 0
mobius/delegation.go:816.2,821.50 5 0
mobius/delegation.go:821.50,823.3 1 0
mobius/delegation.go:825.2,826.16 2 0
mobius/delegation.go:826.16,828.3 1 0
mobius/delegation.go:829.2,829.57 1 0
mobius/delegation.go:829.57,831.3 1 0
mobius/delegation.go:833.2,844.22 2 0
mobius/delegation.go:844.22,846.3 1 0
mobius/delegation.go:848.2,848.60 1 0
mobius/delegation.go:848.60,850.3 1 0
mobius/delegation.go:852.2,859.3 2 0
mobius/delegation.go:862.96,863.23 1 0
mobius/delegation.go:863.23,865.3 1 0
mobius/delegation.go:867.2,870.34 3 0
mobius/delegation.go:870.34,872.3 1 0
mobius/delegation.go:874.2,874.88 1 0
mobius/delegation.go:874.88,876.3 1 0
mobius/delegation.go:878.2,878.85 1 0
mobius/delegation.go:878.85,880.3 1 0
mobius/delegation.go:882.2,883.76 2 0
mobius/delegation.go:886.114,887.23 1 0
mobius/delegation.go:887.23,889.3 1 0
mobius/delegation.go:891.2,895.34 4 0
mobius/delegation.go:895.34,897.3 1 0
mobius/delegation.go:899.2,899.16 1 0
mobius/delegation.go:900.17,901.87 1 0
mobius/delegation.go:901.87,903.4 1 0
mobius/delegation.go:904.3,905.65 2 0
mobius/delegation.go:907.16,908.21 1 0
mobius/delegation.go:908.21,910.4 1 0
mobius/delegation.go:911.3,911.88 1 0
mobius/delegation.go:911.88,913.4 1 0
mobius/delegation.go:914.3,914.103 1 0
mobius/delegation.go:914.103,916.4 1 0
mobius/delegation.go:917.3,918.87 2 0
mobius/delegation.go:920.10,921.69 1 0
mobius/delegation.go:925.88,926.23 1 0
mobius/delegation.go:926.23,928.3 1 0
mobius/delegation.go:930.2,931.16 2 0
mobius/delegation.go:931.16,933.3 1 0
mobius/delegation.go:935.2,936.32 2 0
mobius/delegation.go:936.32,940.3 1 0
mobius/delegation.go:941.2,941.20 1 0
mobius/delegation.go:941.20,943.3 1 0
mobius/delegation.go:945.2,945.63 1 0
mobius/delegation.go:950.75,951.23 1 0
mobius/delegation.go:951.23,954.3 2 0
mobius/delegation.go:956.2,965.62 2 0
mobius/delegation.go:965.62,968.3 2 0
mobius/delegation.go:970.2,970.51 1 0
mobius/delegation.go:970.51,973.3 2 0
mobius/delegation.go:975.2,976.16 2 0
mobius/delegation.go:976.16,979.3 2 0
mobius/delegation.go:981.2,981.63 1 0
mobius/delegation.go:981.63,984.3 2 0
mobius/delegation.go:986.2,986.64 1 0
mobius/delegation.go:986.64,989.3 2 0
mobius/delegation.go:991.2,992.16 2 0
mobius/delegation.go:992.16,994.3 1 0
mobius/delegation.go:996.2,1006.23 2 0
mobius/delegation.go:1006.23,1008.3 1 0
mobius/delegation.go:1009.2,1009.27 1 0
mobius/delegation.go:1009.27,1011.3 1 0
mobius/delegation.go:1013.2,1013.68 1 0
mobius/delegation.go:1013.68,1016.3 2 0
mobius/delegation.go:1018.2,1019.16 2 0
mobius/delegation.go:1019.16,1021.3 1 0
mobius/delegation.go:1023.2,1025.20 3 0
mobius/delegation.go:1028.75,1029.23 1 0
mobius/delegation.go:1029.23,1032.3 2 0
mobius/delegation.go:1034.2,1045.62 2 0
mobius/delegation.go:1045.62,1048.3 2 0
mobius/delegation.go:1050.2,1050.90 1 0
mobius/delegation.go:1050.90,1053.3 2 0
mobius/delegation.go:1055.2,1056.16 2 0
mobius/delegation.go:1056.16,1059.3 2 0
mobius/delegation.go:1060.2,1061.16 2 0
mobius/delegation.go:1061.16,1064.3 2 0
mobius/delegation.go:1066.2,1066.37 1 0
mobius/delegation.go:1066.37,1069.3 2 0
mobius/delegation.go:1071.2,1072.24 2 0
mobius/delegation.go:1072.24,1074.3 1 0
mobius/delegation.go:1076.2,1077.20 2 0
mobius/delegation.go:1077.20,1079.3 1 0
mobius/delegation.go:1081.2,1088.26 2 0
mobius/delegation.go:1088.26,1090.3 1 0
mobius/delegation.go:1092.2,1093.17 2 0
mobius/delegation.go:1093.17,1095.3 1 0
mobius/delegation.go:1097.2,1097.68 1 0
mobius/delegation.go:1097.68,1100.3 2 0
mobius/delegation.go:1102.2,1102.31 1 0
mobius/delegation.go:1102.31,1103.98 1 0
mobius/delegation.go:1103.98,1105.4 1 0
mobius/delegation.go:1108.2,1109.16 2 0
mobius/delegation.go:1109.16,1111.3 1 0
mobius/delegation.go:1113.2,1115.20 3 0
mobius/dispatcher.go:28.170,29.25 1 0
mobius/dispatcher.go:29.25,31.3 1 0
mobius/dispatcher.go:32.2,42.3 1 0
mobius/dispatcher.go:45.53,49.65 1 0
mobius/dispatcher.go:49.65,51.3 1 0
mobius/dispatcher.go:51.8,51.18 1 0
mobius/dispatcher.go:51.18,53.3 1 0
mobius/dispatcher.go:55.2,67.6 11 0
mobius/dispatcher.go:67.6,68.10 1 0
mobius/dispatcher.go:69.27,71.27 2 0
mobius/dispatcher.go:72.26,73.28 1 0
mobius/dispatcher.go:74.27,75.30 1 0
mobius/dispatcher.go:76.28,77.25 1 0
mobius/dispatcher.go:78.21,82.10 4 0
mobius/dispatcher.go:87.58,91.6 3 0
mobius/dispatcher.go:91.6,92.23 1 0
mobius/dispatcher.go:92.23,94.4 1 0
mobius/dispatcher.go:95.3,97.23 3 0
mobius/dispatcher.go:97.23,99.4 1 0
mobius/dispatcher.go:103.3,103.48 1 0
mobius/dispatcher.go:103.48,105.4 1 0
mobius/dispatcher.go:106.3,107.10 2 0
mobius/dispatcher.go:108.30,108.30 0 0
mobius/dispatcher.go:109.21,110.10 1 0
mobius/dispatcher.go:112.3,112.39 1 0
mobius/dispatcher.go:116.67,118.16 2 0
mobius/dispatcher.go:118.16,120.3 1 0
mobius/dispatcher.go:121.2,123.68 2 0
mobius/dispatcher.go:123.68,125.3 1 0
mobius/dispatcher.go:127.2,129.6 2 0
mobius/dispatcher.go:129.6,131.17 2 0
mobius/dispatcher.go:131.17,133.4 1 0
mobius/dispatcher.go:135.3,139.79 2 0
mobius/dispatcher.go:139.79,142.12 2 0
mobius/dispatcher.go:145.3,145.40 1 0
mobius/dispatcher.go:149.79,150.15 1 0
mobius/dispatcher.go:150.15,151.31 1 0
mobius/dispatcher.go:151.31,154.4 1 0
mobius/dispatcher.go:159.2,159.22 1 0
mobius/dispatcher.go:159.22,161.3 1 0
mobius/dispatcher.go:163.2,168.16 4 0
mobius/dispatcher.go:168.16,170.3 1 0
mobius/dispatcher.go:172.2,172.17 1 0
mobius/dispatcher.go:173.20,178.63 2 0
mobius/dispatcher.go:178.63,180.4 1 0
mobius/dispatcher.go:181.30,186.63 2 0
mobius/dispatcher.go:186.63,188.4 1 0
mobius/dispatcher.go:192.81,194.16 2 0
mobius/dispatcher.go:194.16,196.3 1 0
mobius/dispatcher.go:197.2,205.16 4 0
mobius/dispatcher.go:205.16,207.3 1 0
mobius/dispatcher.go:209.2,211.16 2 0
mobius/dispatcher.go:211.16,213.3 1 0
mobius/dispatcher.go:214.2,214.39 1 0
mobius/dispatcher.go:214.39,216.3 1 0
mobius/dispatcher.go:218.2,219.16 2 0
mobius/dispatcher.go:219.16,221.3 1 0
mobius/dispatcher.go:222.2,222.23 1 0
mobius/dispatcher.go:222.23,223.54 1 0
mobius/dispatcher.go:223.54,225.4 1 0
mobius/dispatcher.go:228.2,228.9 1 0
mobius/dispatcher.go:229.27,231.13 2 0
mobius/dispatcher.go:231.13,232.17 1 0
mobius/dispatcher.go:232.17,233.33 1 0
mobius/dispatcher.go:233.33,237.6 2 0
mobius/dispatcher.go:238.5,239.16 2 0
mobius/dispatcher.go:241.4,241.31 1 0
mobius/dispatcher.go:243.20,243.20 0 0
mobius/dispatcher.go:247.62,251.16 3 0
mobius/dispatcher.go:251.16,254.3 2 0
mobius/dispatcher.go:255.2,255.31 1 0
mobius/dispatcher.go:255.31,257.3 1 0
mobius/dispatcher.go:260.64,262.16 2 0
mobius/dispatcher.go:262.16,265.3 2 0
mobius/dispatcher.go:267.2,267.29 1 0
mobius/dispatcher.go:267.29,268.10 1 0
mobius/dispatcher.go:269.28,271.20 2 0
mobius/dispatcher.go:271.20,272.18 1 0
mobius/dispatcher.go:272.18,273.34 1 0
mobius/dispatcher.go:273.34,277.7 2 0
mobius/dispatcher.go:278.6,279.17 2 0
mobius/dispatcher.go:281.5,281.31 1 0
mobius/dispatcher.go:283.21,284.10 1 0
mobius/dispatcher.go:289.79,291.16 2 0
mobius/dispatcher.go:291.16,293.3 1 0
mobius/dispatcher.go:294.2,304.16 3 0
mobius/dispatcher.go:304.16,306.3 1 0
mobius/dispatcher.go:307.2,310.18 3 0
mobius/dispatcher.go:310.18,312.40 2 0
mobius/dispatcher.go:312.40,314.4 1 0
mobius/dispatcher.go:316.2,318.23 2 0
mobius/dispatcher.go:318.23,320.3 1 0
mobius/dispatcher.go:322.2,325.16 2 0
mobius/dispatcher.go:325.16,327.3 1 0
mobius/dispatcher.go:329.2,329.39 1 0
mobius/dispatcher.go:329.39,331.3 1 0
mobius/dispatcher.go:333.2,334.29 2 0
mobius/dispatcher.go:334.29,336.17 2 0
mobius/dispatcher.go:336.17,338.25 2 0
mobius/dispatcher.go:338.25,339.56 1 0
mobius/dispatcher.go:339.56,341.6 1 0
mobius/dispatcher.go:345.2,345.19 1 0
mobius/dispatcher.go:353.64,355.16 2 0
mobius/dispatcher.go:355.16,358.3 2 0
mobius/dispatcher.go:359.2,359.31 1 0
mobius/dispatcher.go:359.31,360.10 1 0
mobius/dispatcher.go:361.28,363.20 2 0
mobius/dispatcher.go:363.20,364.18 1 0
mobius/dispatcher.go:364.18,365.34 1 0
mobius/dispatcher.go:365.34,368.7 1 0
mobius/dispatcher.go:369.6,370.17 2 0
mobius/dispatcher.go:372.5,372.32 1 0
mobius/dispatcher.go:374.21,375.10 1 0
mobius/dispatcher.go:385.80,387.16 2 0
mobius/dispatcher.go:387.16,389.3 1 0
mobius/dispatcher.go:390.2,400.16 3 0
mobius/dispatcher.go:400.16,402.3 1 0
mobius/dispatcher.go:403.2,406.18 3 0
mobius/dispatcher.go:406.18,408.40 2 0
mobius/dispatcher.go:408.40,410.4 1 0
mobius/dispatcher.go:412.2,414.23 2 0
mobius/dispatcher.go:414.23,416.3 1 0
mobius/dispatcher.go:418.2,420.90 2 0
mobius/dispatcher.go:420.90,422.3 1 0
mobius/dispatcher.go:424.2,424.39 1 0
mobius/dispatcher.go:424.39,426.3 1 0
mobius/dispatcher.go:428.2,429.29 2 0
mobius/dispatcher.go:429.29,430.56 1 0
mobius/dispatcher.go:430.56,432.4 1 0
mobius/dispatcher.go:434.2,434.19 1 0
mobius/dispatcher.go:442.79,443.22 1 0
mobius/dispatcher.go:443.22,445.3 1 0
mobius/dispatcher.go:446.2,447.16 2 0
mobius/dispatcher.go:447.16,450.3 2 0
mobius/dispatcher.go:453.2,453.65 1 0
mobius/dispatcher.go:453.65,457.3 2 0
mobius/dispatcher.go:459.2,460.23 2 0
mobius/dispatcher.go:460.23,462.3 1 0
mobius/dispatcher.go:463.2,464.9 2 0
mobius/dispatcher.go:464.9,467.3 2 0
mobius/dispatcher.go:469.2,487.16 9 0
mobius/dispatcher.go:487.16,491.3 3 0
mobius/dispatcher.go:493.2,493.75 1 0
mobius/dispatcher.go:496.78,497.23 1 0
mobius/dispatcher.go:497.23,500.3 2 0
mobius/dispatcher.go:502.2,503.16 2 0
mobius/dispatcher.go:503.16,506.3 2 0
mobius/dispatcher.go:508.2,509.23 2 0
mobius/dispatcher.go:509.23,511.3 1 0
mobius/dispatcher.go:513.2,514.9 2 0
mobius/dispatcher.go:514.9,517.3 2 0
mobius/dispatcher.go:519.2,519.66 1 0
mobius/dispatcher.go:519.66,520.44 1 0
mobius/dispatcher.go:520.44,523.4 2 0
mobius/dispatcher.go:526.2,550.16 9 0
mobius/dispatcher.go:550.16,554.3 3 0
mobius/dispatcher.go:556.2,556.77 1 0
mobius/dispatcher.go:559.115,562.23 2 0
mobius/dispatcher.go:562.23,564.32 2 0
mobius/dispatcher.go:564.32,566.19 2 0
mobius/dispatcher.go:566.19,568.5 1 0
mobius/dispatcher.go:572.2,572.64 1 0
mobius/dispatcher.go:572.64,574.3 1 0
mobius/dispatcher.go:576.2,581.45 2 0
mobius/dispatcher.go:581.45,583.18 2 0
mobius/dispatcher.go:583.18,585.22 2 0
mobius/dispatcher.go:585.22,587.60 2 0
mobius/dispatcher.go:587.60,589.6 1 0
mobius/dispatcher.go:590.5,590.80 1 0
mobius/dispatcher.go:595.2,595.23 1 0
mobius/dispatcher.go:595.23,597.21 2 0
mobius/dispatcher.go:597.21,599.28 2 0
mobius/dispatcher.go:599.28,601.20 2 0
mobius/dispatcher.go:601.20,603.6 1 0
mobius/dispatcher.go:604.5,604.65 1 0
mobius/dispatcher.go:606.4,606.90 1 0
mobius/dispatcher.go:610.2,613.23 3 0
mobius/dispatcher.go:613.23,615.30 2 0
mobius/dispatcher.go:615.30,617.23 2 0
mobius/dispatcher.go:617.23,619.5 1 0
mobius/dispatcher.go:620.4,620.65 1 0
mobius/dispatcher.go:624.2,628.24 4 0
mobius/dispatcher.go:628.24,630.18 2 0
mobius/dispatcher.go:630.18,633.4 2 0
mobius/dispatcher.go:636.2,654.3 1 0
mobius/dispatcher.go:669.168,674.66 4 0
mobius/dispatcher.go:674.66,676.3 1 0
mobius/dispatcher.go:678.2,681.6 3 0
mobius/dispatcher.go:681.6,682.10 1 0
mobius/dispatcher.go:683.19,685.18 2 0
mobius/dispatcher.go:685.18,687.13 2 0
mobius/dispatcher.go:692.4,696.24 3 0
mobius/dispatcher.go:696.24,697.91 1 0
mobius/dispatcher.go:697.91,702.19 4 0
mobius/dispatcher.go:702.19,704.7 1 0
mobius/dispatcher.go:705.6,705.12 1 0
mobius/dispatcher.go:710.4,713.17 4 0
mobius/dispatcher.go:713.17,715.5 1 0
mobius/dispatcher.go:716.4,716.60 1 0
mobius/dispatcher.go:716.60,718.5 1 0
mobius/dispatcher.go:718.10,718.83 1 0
mobius/dispatcher.go:718.83,723.18 4 0
mobius/dispatcher.go:723.18,725.6 1 0
mobius/dispatcher.go:726.5,726.11 1 0
mobius/dispatcher.go:729.4,729.22 1 0
mobius/dispatcher.go:730.22,733.68 3 0
mobius/dispatcher.go:733.68,735.6 1 0
mobius/dispatcher.go:736.5,736.11 1 0
mobius/dispatcher.go:737.19,740.11 3 0
mobius/dispatcher.go:741.22,743.11 2 0
mobius/dispatcher.go:745.21,751.10 4 0
mobius/dispatcher.go:758.68,760.2 1 1
mobius/dispatcher.go:766.81,768.2 1 1
mobius/dispatcher.go:773.99,777.16 4 0
mobius/dispatcher.go:777.16,780.3 2 0
mobius/dispatcher.go:781.2,781.11 1 0
mobius/dispatcher.go:785.84,786.17 1 0
mobius/dispatcher.go:786.17,788.3 1 0
mobius/dispatcher.go:789.2,791.113 3 0
mobius/dispatcher.go:791.113,793.3 1 0
mobius/dispatcher.go:798.110,799.17 1 0
mobius/dispatcher.go:799.17,801.3 1 0
mobius/dispatcher.go:802.2,805.111 4 0
mobius/dispatcher.go:805.111,807.3 1 0
mobius/dispatcher.go:813.90,827.2 5 0
mobius/dispatcher.go:829.65,831.16 2 0
mobius/dispatcher.go:831.16,834.3 2 0
mobius/dispatcher.go:835.2,843.16 4 0
mobius/dispatcher.go:843.16,846.3 2 0
mobius/dispatcher.go:847.2,850.18 3 0
mobius/dispatcher.go:850.18,852.40 2 0
mobius/dispatcher.go:852.40,854.4 1 0
mobius/dispatcher.go:856.2,858.24 2 0
mobius/dispatcher.go:858.24,860.3 1 0
mobius/dispatcher.go:862.2,864.30 2 0
mobius/dispatcher.go:864.30,866.111 2 0
mobius/dispatcher.go:866.111,868.12 2 0
mobius/dispatcher.go:870.3,873.20 3 0
mobius/dispatcher.go:873.20,875.4 1 0
mobius/dispatcher.go:877.3,882.50 3 0
mobius/dispatcher.go:882.50,884.4 1 0
mobius/dispatcher.go:887.2,887.39 1 0
mobius/dispatcher.go:887.39,890.3 2 0
mobius/dispatcher.go:895.2,895.30 1 0
mobius/dispatcher.go:895.30,898.3 2 0
mobius/dispatcher.go:901.67,923.16 3 0
mobius/dispatcher.go:923.16,926.3 2 0
mobius/dispatcher.go:927.2,930.18 3 0
mobius/dispatcher.go:930.18,934.44 2 0
mobius/dispatcher.go:934.44,936.4 1 0
mobius/dispatcher.go:938.2,940.25 2 0
mobius/dispatcher.go:940.25,942.3 1 0
mobius/dispatcher.go:944.2,947.30 3 0
mobius/dispatcher.go:947.30,950.3 1 0
mobius/dispatcher.go:957.57,960.16 2 0
mobius/dispatcher.go:960.16,963.3 2 0
mobius/dispatcher.go:964.2,967.16 3 0
mobius/dispatcher.go:967.16,969.3 1 0
mobius/dispatcher.go:971.2,972.16 2 0
mobius/dispatcher.go:972.16,975.140 2 0
mobius/dispatcher.go:975.140,977.4 1 0
mobius/dispatcher.go:978.3,980.9 3 0
mobius/dispatcher.go:983.2,984.68 2 0
mobius/dispatcher.go:984.68,987.125 2 0
mobius/dispatcher.go:987.125,989.4 1 0
mobius/dispatcher.go:990.3,991.9 2 0
mobius/dispatcher.go:994.2,996.15 2 0
mobius/dispatcher.go:996.15,999.3 1 0
mobius/dispatcher.go:999.8,999.31 1 0
mobius/dispatcher.go:999.31,1001.15 2 0
mobius/dispatcher.go:1001.15,1004.4 1 0
mobius/dispatcher.go:1004.9,1008.4 1 0
mobius/dispatcher.go:1009.8,1012.3 1 0
mobius/dispatcher.go:1013.2,1013.16 1 0
mobius/dispatcher.go:1013.16,1016.3 2 0
mobius/dispatcher.go:1018.2,1024.23 3 0
mobius/dispatcher.go:1024.23,1026.3 1 0
mobius/dispatcher.go:1027.2,1027.22 1 0
mobius/dispatcher.go:1027.22,1029.3 1 0
mobius/dispatcher.go:1030.2,1032.71 2 0
mobius/dispatcher.go:1032.71,1035.3 2 0
mobius/dispatcher.go:1037.2,1037.39 1 0
mobius/dispatcher.go:1037.39,1040.3 2 0
mobius/dispatcher.go:1042.2,1042.23 1 0
mobius/dispatcher.go:1042.23,1043.58 1 0
mobius/dispatcher.go:1043.58,1045.4 1 0
mobius/dispatcher.go:1048.2,1048.47 1 0
mobius/dispatcher.go:1048.47,1050.3 1 0
mobius/dispatcher.go:1052.2,1053.85 1 0
mobius/dispatcher.go:1056.72,1059.2 1 0
mobius/dispatcher.go:1066.84,1068.15 2 0
mobius/dispatcher.go:1068.15,1073.3 3 0
mobius/dispatcher.go:1074.2,1074.85 1 0
mobius/dispatcher.go:1074.85,1079.3 3 0
mobius/dispatcher.go:1080.2,1080.85 1 0
mobius/dispatcher.go:1080.85,1085.3 3 0
mobius/dispatcher.go:1086.2,1089.37 3 0
mobius/dispatcher.go:1092.79,1096.16 3 0
mobius/dispatcher.go:1096.16,1098.3 1 0
mobius/dispatcher.go:1099.2,1102.114 3 0
mobius/dispatcher.go:1102.114,1105.3 2 0
mobius/dispatcher.go:1106.2,1110.19 4 0
mobius/dispatcher.go:1110.19,1113.3 2 0
mobius/dispatcher.go:1115.2,1120.53 3 0
mobius/dispatcher.go:1120.53,1123.3 2 0
mobius/dispatcher.go:1125.2,1125.39 1 0
mobius/dispatcher.go:1125.39,1128.3 2 0
mobius/dispatcher.go:1132.2,1133.13 2 0
mobius/dispatcher.go:1133.13,1135.3 1 0
mobius/dispatcher.go:1137.2,1137.37 1 0
mobius/dispatcher.go:1140.84,1141.61 1 0
mobius/dispatcher.go:1141.61,1143.3 1 0
mobius/dispatcher.go:1145.2,1146.16 2 0
mobius/dispatcher.go:1146.16,1149.3 2 0
mobius/dispatcher.go:1151.2,1152.33 2 0
mobius/dispatcher.go:1152.33,1157.3 2 0
mobius/dispatcher.go:1158.2,1158.14 1 0
mobius/employees.go:52.76,61.16 2 0
mobius/employees.go:61.16,63.3 1 0
mobius/employees.go:64.2,68.18 4 0
mobius/employees.go:68.18,73.64 3 0
mobius/employees.go:73.64,75.4 1 0
mobius/employees.go:76.3,83.28 8 0
mobius/employees.go:86.2,86.25 1 0
mobius/employees.go:86.25,88.3 1 0
mobius/employees.go:90.2,91.16 2 0
mobius/employees.go:91.16,93.3 1 0
mobius/employees.go:94.2,95.16 2 0
mobius/employees.go:95.16,97.3 1 0
mobius/employees.go:98.2,99.16 2 0
mobius/employees.go:99.16,101.3 1 0
mobius/employees.go:103.2,104.27 2 0
mobius/employees.go:104.27,106.46 2 0
mobius/employees.go:106.46,108.4 1 0
mobius/employees.go:109.3,109.46 1 0
mobius/employees.go:109.46,111.4 1 0
mobius/employees.go:112.3,112.44 1 0
mobius/employees.go:112.44,114.4 1 0
mobius/employees.go:117.2,117.27 1 0
mobius/employees.go:117.27,118.36 1 0
mobius/employees.go:118.36,119.55 1 0
mobius/employees.go:119.55,124.5 1 0
mobius/employees.go:128.2,128.23 1 0
mobius/employees.go:131.108,135.16 2 0
mobius/employees.go:135.16,137.3 1 0
mobius/employees.go:138.2,141.18 3 0
mobius/employees.go:141.18,144.67 3 0
mobius/employees.go:144.67,146.4 1 0
mobius/employees.go:147.3,147.43 1 0
mobius/employees.go:149.2,149.20 1 0
mobius/employees.go:152.99,156.16 2 0
mobius/employees.go:156.16,158.3 1 0
mobius/employees.go:159.2,162.18 3 0
mobius/employees.go:162.18,164.49 2 0
mobius/employees.go:164.49,166.4 1 0
mobius/employees.go:167.3,167.45 1 0
mobius/employees.go:169.2,169.20 1 0
mobius/employees.go:172.108,176.16 2 0
mobius/employees.go:176.16,178.3 1 0
mobius/employees.go:179.2,182.18 3 0
mobius/employees.go:182.18,185.69 3 0
mobius/employees.go:185.69,187.4 1 0
mobius/employees.go:188.3,188.43 1 0
mobius/employees.go:190.2,190.20 1 0
mobius/employees.go:193.84,206.16 4 0
mobius/employees.go:206.16,208.3 1 0
mobius/employees.go:209.2,226.46 14 0
mobius/employees.go:226.46,227.24 1 0
mobius/employees.go:227.24,229.65 2 0
mobius/employees.go:229.65,231.5 1 0
mobius/employees.go:233.3,233.20 1 0
mobius/employees.go:235.2,235.46 1 0
mobius/employees.go:235.46,236.24 1 0
mobius/employees.go:236.24,238.67 2 0
mobius/employees.go:238.67,240.5 1 0
mobius/employees.go:242.3,242.20 1 0
mobius/employees.go:244.2,244.44 1 0
mobius/employees.go:244.44,245.22 1 0
mobius/employees.go:245.22,247.45 2 0
mobius/employees.go:247.45,249.5 1 0
mobius/employees.go:251.3,251.18 1 0
mobius/employees.go:253.2,253.47 1 0
mobius/employees.go:253.47,254.25 1 0
mobius/employees.go:254.25,256.77 2 0
mobius/employees.go:256.77,258.5 1 0
mobius/employees.go:260.3,260.21 1 0
mobius/employees.go:263.2,263.18 1 0
mobius/employees.go:266.78,268.16 2 0
mobius/employees.go:268.16,270.3 1 0
mobius/employees.go:271.2,274.23 3 0
mobius/employees.go:274.23,276.3 1 0
mobius/employees.go:277.2,278.30 2 0
mobius/employees.go:278.30,280.3 1 0
mobius/employees.go:282.2,290.16 3 0
mobius/employees.go:290.16,292.3 1 0
mobius/employees.go:294.2,294.92 1 0
mobius/employees.go:294.92,296.3 1 0
mobius/employees.go:298.2,298.50 1 0
mobius/employees.go:298.50,301.40 1 0
mobius/employees.go:301.40,303.4 1 0
mobius/employees.go:306.2,306.23 1 0
mobius/employees.go:309.150,310.27 1 0
mobius/employees.go:310.27,313.45 1 0
mobius/employees.go:313.45,315.4 1 0
mobius/employees.go:317.2,317.27 1 0
mobius/employees.go:317.27,320.47 1 0
mobius/employees.go:320.47,322.4 1 0
mobius/employees.go:324.2,324.25 1 0
mobius/employees.go:324.25,327.26 1 0
mobius/employees.go:327.26,329.4 1 0
mobius/employees.go:331.2,331.12 1 0
mobius/employees.go:334.89,336.16 2 0
mobius/employees.go:336.16,338.3 1 0
mobius/employees.go:339.2,342.23 3 0
mobius/employees.go:342.23,344.3 1 0
mobius/employees.go:345.2,346.30 2 0
mobius/employees.go:346.30,348.3 1 0
mobius/employees.go:350.2,357.16 2 0
mobius/employees.go:357.16,359.3 1 0
mobius/employees.go:361.2,365.88 4 0
mobius/employees.go:365.88,367.3 1 0
mobius/employees.go:369.2,370.50 2 0
mobius/employees.go:370.50,373.36 1 0
mobius/employees.go:373.36,375.4 1 0
mobius/employees.go:378.2,378.23 1 0
mobius/employees.go:381.74,383.16 2 0
mobius/employees.go:383.16,385.3 1 0
mobius/employees.go:386.2,391.22 4 0
mobius/employees.go:391.22,396.3 1 0
mobius/employees.go:396.8,398.3 1 0
mobius/employees.go:400.2,401.16 2 0
mobius/employees.go:401.16,403.3 1 0
mobius/employees.go:405.2,405.23 1 0
mobius/employees.go:408.89,409.29 1 0
mobius/employees.go:409.29,411.3 1 0
mobius/employees.go:413.2,414.26 2 0
mobius/employees.go:414.26,419.17 3 0
mobius/employees.go:419.17,420.9 1 0
mobius/employees.go:422.3,422.30 1 0
mobius/employees.go:422.30,424.4 1 0
mobius/employees.go:425.3,425.22 1 0
mobius/employees.go:428.2,432.16 2 0
mobius/employees.go:432.16,434.3 1 0
mobius/employees.go:435.2,435.12 1 0
mobius/employees.go:438.70,442.2 3 0
mobius/employees.go:444.62,450.35 2 0
mobius/employees.go:450.35,453.17 3 0
mobius/employees.go:453.17,454.12 1 0
mobius/employees.go:456.3,456.28 1 0
mobius/employees.go:456.28,460.4 1 0
mobius/employees.go:464.40,1634.2 1 1
mobius/employees.go:1646.69,1648.16 2 0
mobius/employees.go:1648.16,1650.3 1 0
mobius/employees.go:1651.2,1651.15 1 0
mobius/employees.go:1651.15,1654.3 2 0
mobius/employees.go:1656.2,1659.16 3 0
mobius/employees.go:1659.16,1661.3 1 0
mobius/employees.go:1662.2,1666.29 3 0
mobius/employees.go:1666.29,1672.17 3 0
mobius/employees.go:1672.17,1674.4 1 0
mobius/employees.go:1675.3,1677.30 2 0
mobius/employees.go:1677.30,1680.45 1 0
mobius/employees.go:1680.45,1682.5 1 0
mobius/employees.go:1684.3,1684.28 1 0
mobius/employees.go:1684.28,1687.24 1 0
mobius/employees.go:1687.24,1689.5 1 0
mobius/employees.go:1693.2,1693.29 1 0
mobius/employees.go:1693.29,1694.22 1 0
mobius/employees.go:1694.22,1695.12 1 0
mobius/employees.go:1697.3,1698.10 2 0
mobius/employees.go:1698.10,1700.4 1 0
mobius/employees.go:1701.3,1703.45 1 0
mobius/employees.go:1703.45,1705.4 1 0
mobius/employees.go:1708.2,1708.39 1 0
mobius/employees.go:1708.39,1710.3 1 0
mobius/employees.go:1712.2,1713.12 2 0
mobius/employees.go:1718.76,1719.23 1 0
mobius/employees.go:1719.23,1722.3 2 0
mobius/employees.go:1723.2,1724.16 2 0
mobius/employees.go:1724.16,1727.3 2 0
mobius/employees.go:1728.2,1728.25 1 0
mobius/employees.go:1731.74,1732.23 1 0
mobius/employees.go:1732.23,1735.3 2 0
mobius/employees.go:1736.2,1738.16 3 0
mobius/employees.go:1738.16,1741.3 2 0
mobius/employees.go:1742.2,1742.19 1 0
mobius/employees.go:1745.77,1746.23 1 0
mobius/employees.go:1746.23,1749.3 2 0
mobius/employees.go:1751.2,1752.61 2 0
mobius/employees.go:1752.61,1755.3 2 0
mobius/employees.go:1756.2,1756.20 1 0
mobius/employees.go:1756.20,1759.3 2 0
mobius/employees.go:1760.2,1760.20 1 0
mobius/employees.go:1760.20,1762.3 1 0
mobius/employees.go:1763.2,1763.23 1 0
mobius/employees.go:1763.23,1765.3 1 0
mobius/employees.go:1766.2,1766.23 1 0
mobius/employees.go:1766.23,1768.3 1 0
mobius/employees.go:1769.2,1769.21 1 0
mobius/employees.go:1769.21,1771.3 1 0
mobius/employees.go:1773.2,1773.69 1 0
mobius/employees.go:1773.69,1776.3 2 0
mobius/employees.go:1778.2,1778.23 1 0
mobius/employees.go:1778.23,1779.69 1 0
mobius/employees.go:1779.69,1781.4 1 0
mobius/employees.go:1784.2,1785.19 2 0
mobius/employees.go:1788.77,1789.23 1 0
mobius/employees.go:1789.23,1792.3 2 0
mobius/employees.go:1794.2,1796.61 3 0
mobius/employees.go:1796.61,1799.3 2 0
mobius/employees.go:1800.2,1800.23 1 0
mobius/employees.go:1800.23,1802.3 1 0
mobius/employees.go:1803.2,1803.23 1 0
mobius/employees.go:1803.23,1805.3 1 0
mobius/employees.go:1806.2,1806.21 1 0
mobius/employees.go:1806.21,1808.3 1 0
mobius/employees.go:1810.2,1810.73 1 0
mobius/employees.go:1810.73,1813.3 2 0
mobius/employees.go:1815.2,1816.41 2 0
mobius/employees.go:1816.41,1817.72 1 0
mobius/employees.go:1817.72,1819.4 1 0
mobius/employees.go:1821.2,1821.20 1 0
mobius/employees.go:1821.20,1824.3 2 0
mobius/employees.go:1825.2,1826.23 2 0
mobius/employees.go:1829.77,1830.23 1 0
mobius/employees.go:1830.23,1833.3 2 0
mobius/employees.go:1835.2,1836.67 2 0
mobius/employees.go:1836.67,1839.3 2 0
mobius/employees.go:1841.2,1841.23 1 0
mobius/employees.go:1841.23,1842.70 1 0
mobius/employees.go:1842.70,1844.4 1 0
mobius/employees.go:1845.3,1845.76 1 0
mobius/employees.go:1845.76,1847.4 1 0
mobius/employees.go:1850.2,1851.49 2 0
mobius/employees.go:1854.81,1855.23 1 0
mobius/employees.go:1855.23,1858.3 2 0
mobius/employees.go:1860.2,1864.62 3 0
mobius/employees.go:1864.62,1867.3 2 0
mobius/employees.go:1869.2,1869.26 1 0
mobius/employees.go:1869.26,1871.17 2 0
mobius/employees.go:1871.17,1874.4 2 0
mobius/employees.go:1875.8,1876.80 1 0
mobius/employees.go:1876.80,1879.4 2 0
mobius/employees.go:1882.2,1883.49 2 0
mobius/es.go:44.49,45.15 1 0
mobius/es.go:45.15,47.3 1 0
mobius/es.go:49.2,53.16 3 0
mobius/es.go:53.16,55.3 1 0
mobius/es.go:61.2,63.58 3 0
mobius/es.go:63.58,65.21 2 0
mobius/es.go:65.21,67.4 1 0
mobius/es.go:67.9,67.28 1 0
mobius/es.go:67.28,70.4 2 0
mobius/es.go:70.9,73.9 3 0
mobius/es.go:75.3,75.32 1 0
mobius/es.go:75.32,78.4 2 0
mobius/es.go:80.2,80.20 1 0
mobius/es.go:80.20,82.3 1 0
mobius/es.go:84.2,101.32 4 0
mobius/es.go:101.32,102.83 1 0
mobius/es.go:102.83,104.4 1 0
mobius/es.go:107.2,108.22 2 0
mobius/es.go:111.100,113.16 2 0
mobius/es.go:113.16,115.3 1 0
mobius/es.go:116.2,118.27 2 0
mobius/es.go:118.27,120.3 1 0
mobius/es.go:122.2,123.16 2 0
mobius/es.go:123.16,125.17 2 0
mobius/es.go:125.17,127.4 1 0
mobius/es.go:130.2,134.16 2 0
mobius/es.go:134.16,136.3 1 0
mobius/es.go:137.2,138.20 2 0
mobius/es.go:138.20,140.3 1 0
mobius/es.go:142.2,143.12 2 0
mobius/es.go:146.53,148.16 2 0
mobius/es.go:148.16,150.3 1 0
mobius/es.go:151.2,152.19 2 0
mobius/es.go:152.19,154.3 1 0
mobius/es.go:155.2,155.12 1 0
mobius/es.go:158.86,173.16 4 0
mobius/es.go:173.16,175.3 1 0
mobius/es.go:176.2,178.19 2 0
mobius/es.go:178.19,180.3 1 0
mobius/es.go:181.2,181.12 1 0
mobius/es.go:184.106,195.24 2 0
mobius/es.go:195.24,197.3 1 0
mobius/es.go:199.2,204.16 3 0
mobius/es.go:204.16,206.3 1 0
mobius/es.go:207.2,209.19 2 0
mobius/es.go:209.19,211.3 1 0
mobius/es.go:212.2,212.12 1 0
mobius/es.go:215.82,220.16 2 0
mobius/es.go:220.16,222.3 1 0
mobius/es.go:223.2,239.16 5 0
mobius/es.go:239.16,241.3 1 0
mobius/es.go:242.2,244.22 2 0
mobius/es.go:244.22,246.3 1 0
mobius/es.go:248.2,249.12 2 0
mobius/es.go:252.87,265.16 4 0
mobius/es.go:265.16,267.3 1 0
mobius/es.go:268.2,270.19 2 0
mobius/es.go:270.19,272.3 1 0
mobius/es.go:274.2,287.66 2 0
mobius/es.go:287.66,289.3 1 0
mobius/es.go:291.2,292.39 2 0
mobius/es.go:292.39,301.3 1 0
mobius/es.go:302.2,302.19 1 0
mobius/es.go:305.89,320.16 4 0
mobius/es.go:320.16,322.3 1 0
mobius/es.go:323.2,325.19 2 0
mobius/es.go:325.19,327.3 1 0
mobius/es.go:329.2,343.66 2 0
mobius/es.go:343.66,345.3 1 0
mobius/es.go:347.2,348.39 2 0
mobius/es.go:348.39,357.3 1 0
mobius/es.go:358.2,358.18 1 0
mobius/es.go:361.99,379.16 4 0
mobius/es.go:379.16,381.3 1 0
mobius/es.go:382.2,384.19 2 0
mobius/es.go:384.19,386.3 1 0
mobius/es.go:387.2,387.12 1 0
mobius/es.go:390.75,395.16 2 0
mobius/es.go:395.16,397.3 1 0
mobius/es.go:398.2,400.19 2 0
mobius/es.go:400.19,402.3 1 0
mobius/es.go:403.2,404.12 2 0
mobius/es.go:407.94,418.16 4 0
mobius/es.go:418.16,420.3 1 0
mobius/es.go:421.2,422.19 2 0
mobius/es.go:422.19,424.3 1 0
mobius/es.go:425.2,425.12 1 0
mobius/es.go:428.28,430.2 1 0
mobius/es.go:434.101,450.16 5 0
mobius/es.go:450.16,452.3 1 0
mobius/es.go:453.2,454.19 2 0
mobius/es.go:454.19,456.3 1 0
mobius/es.go:457.2,457.12 1 0
mobius/es.go:460.136,462.17 2 0
mobius/es.go:462.17,470.3 1 0
mobius/es.go:470.8,480.3 1 0
mobius/es.go:482.2,488.16 3 0
mobius/es.go:488.16,490.3 1 0
mobius/es.go:491.2,492.19 2 0
mobius/es.go:492.19,494.3 1 0
mobius/es.go:496.2,504.66 2 0
mobius/es.go:504.66,506.3 1 0
mobius/es.go:508.2,510.39 3 0
mobius/es.go:510.39,514.13 4 0
mobius/es.go:514.13,516.4 1 0
mobius/es.go:518.2,518.32 1 0
mobius/es.go:521.80,525.16 2 0
mobius/es.go:525.16,527.3 1 0
mobius/es.go:528.2,529.19 2 0
mobius/es.go:529.19,531.3 1 0
mobius/es.go:532.2,532.12 1 0
mobius/es.go:535.90,547.16 4 0
mobius/es.go:547.16,549.3 1 0
mobius/es.go:550.2,551.19 2 0
mobius/es.go:551.19,553.3 1 0
mobius/es.go:554.2,554.12 1 0
mobius/es.go:557.96,569.16 4 0
mobius/es.go:569.16,571.3 1 0
mobius/es.go:572.2,573.19 2 0
mobius/es.go:573.19,575.3 1 0
mobius/es.go:577.2,580.66 2 0
mobius/es.go:580.66,582.3 1 0
mobius/es.go:583.2,583.26 1 0
mobius/es.go:586.107,600.16 4 0
mobius/es.go:600.16,602.3 1 0
mobius/es.go:603.2,604.19 2 0
mobius/es.go:604.19,606.3 1 0
mobius/es.go:608.2,615.66 2 0
mobius/es.go:615.66,617.3 1 0
mobius/es.go:618.2,618.32 1 0
mobius/es.go:618.32,620.3 1 0
mobius/es.go:621.2,621.41 1 0
mobius/es.go:626.87,654.29 2 0
mobius/es.go:654.29,656.3 1 0
mobius/es.go:658.2,663.16 3 0
mobius/es.go:663.16,665.3 1 0
mobius/es.go:666.2,667.19 2 0
mobius/es.go:667.19,669.3 1 0
mobius/es.go:670.2,670.12 1 0
mobius/es.go:673.134,676.17 2 0
mobius/es.go:676.17,678.24 2 0
mobius/es.go:678.24,680.4 1 0
mobius/es.go:681.3,685.4 1 0
mobius/es.go:686.8,688.24 2 0
mobius/es.go:688.24,690.4 1 0
mobius/es.go:691.3,707.4 1 0
mobius/es.go:710.2,716.16 3 0
mobius/es.go:716.16,718.3 1 0
mobius/es.go:719.2,720.19 2 0
mobius/es.go:720.19,722.3 1 0
mobius/es.go:724.2,731.66 2 0
mobius/es.go:731.66,733.3 1 0
mobius/es.go:735.2,736.39 2 0
mobius/es.go:736.39,738.20 2 0
mobius/es.go:738.20,740.4 1 0
mobius/es.go:741.3,741.29 1 0
mobius/es.go:743.2,743.20 1 0
mobius/es.go:746.100,758.16 4 0
mobius/es.go:758.16,760.3 1 0
mobius/es.go:761.2,762.19 2 0
mobius/es.go:762.19,764.3 1 0
mobius/es.go:766.2,773.66 2 0
mobius/es.go:773.66,775.3 1 0
mobius/es.go:777.2,778.39 2 0
mobius/es.go:778.39,780.20 2 0
mobius/es.go:780.20,782.4 1 0
mobius/es.go:783.3,783.29 1 0
mobius/es.go:785.2,785.20 1 0
mobius/es.go:803.111,808.25 2 0
mobius/es.go:808.25,810.3 1 0
mobius/es.go:811.2,811.17 1 0
mobius/es.go:811.17,813.3 1 0
mobius/es.go:814.2,814.20 1 0
mobius/es.go:814.20,816.3 1 0
mobius/es.go:817.2,817.25 1 0
mobius/es.go:817.25,819.3 1 0
mobius/es.go:820.2,820.20 1 0
mobius/es.go:820.20,822.3 1 0
mobius/es.go:823.2,823.40 1 0
mobius/es.go:823.40,825.23 2 0
mobius/es.go:825.23,827.4 1 0
mobius/es.go:828.3,828.21 1 0
mobius/es.go:828.21,830.4 1 0
mobius/es.go:831.3,831.88 1 0
mobius/es.go:834.2,835.19 2 0
mobius/es.go:835.19,845.3 1 0
mobius/es.go:847.2,859.16 4 0
mobius/es.go:859.16,861.3 1 0
mobius/es.go:862.2,863.19 2 0
mobius/es.go:863.19,865.3 1 0
mobius/es.go:867.2,874.66 2 0
mobius/es.go:874.66,876.3 1 0
mobius/es.go:878.2,879.39 2 0
mobius/es.go:879.39,881.20 2 0
mobius/es.go:881.20,883.4 1 0
mobius/es.go:884.3,884.29 1 0
mobius/es.go:886.2,886.20 1 0
mobius/es.go:891.89,905.16 4 0
mobius/es.go:905.16,907.3 1 0
mobius/es.go:908.2,909.19 2 0
mobius/es.go:909.19,911.3 1 0
mobius/es.go:912.2,921.66 2 0
mobius/es.go:921.66,923.3 1 0
mobius/es.go:924.2,925.53 2 0
mobius/es.go:925.53,926.41 1 0
mobius/es.go:926.41,927.12 1 0
mobius/es.go:929.3,929.29 1 0
mobius/es.go:931.2,931.18 1 0
mobius/es.go:934.92,938.16 2 0
mobius/es.go:938.16,940.3 1 0
mobius/es.go:941.2,942.19 2 0
mobius/es.go:942.19,944.3 1 0
mobius/es.go:946.2,949.66 2 0
mobius/es.go:949.66,951.3 1 0
mobius/es.go:952.2,952.31 1 0
mobius/es.go:952.31,954.3 1 0
mobius/es.go:955.2,955.28 1 0
mobius/es.go:958.78,962.16 2 0
mobius/es.go:962.16,964.3 1 0
mobius/es.go:965.2,966.19 2 0
mobius/es.go:966.19,968.3 1 0
mobius/es.go:969.2,969.12 1 0
mobius/es.go:972.86,984.16 4 0
mobius/es.go:984.16,986.3 1 0
mobius/es.go:987.2,988.19 2 0
mobius/es.go:988.19,990.3 1 0
mobius/es.go:991.2,991.12 1 0
mobius/es.go:994.92,1006.16 4 0
mobius/es.go:1006.16,1008.3 1 0
mobius/es.go:1009.2,1010.19 2 0
mobius/es.go:1010.19,1012.3 1 0
mobius/es.go:1014.2,1017.66 2 0
mobius/es.go:1017.66,1019.3 1 0
mobius/es.go:1020.2,1020.26 1 0
mobius/es.go:1023.119,1041.16 4 0
mobius/es.go:1041.16,1043.3 1 0
mobius/es.go:1044.2,1045.19 2 0
mobius/es.go:1045.19,1047.3 1 0
mobius/es.go:1049.2,1056.66 2 0
mobius/es.go:1056.66,1058.3 1 0
mobius/es.go:1059.2,1059.32 1 0
mobius/es.go:1059.32,1061.3 1 0
mobius/es.go:1062.2,1062.41 1 0
mobius/es.go:1065.100,1077.16 4 0
mobius/es.go:1077.16,1079.3 1 0
mobius/es.go:1080.2,1081.19 2 0
mobius/es.go:1081.19,1083.3 1 0
mobius/es.go:1084.2,1084.12 1 0
mobius/es.go:1087.104,1101.16 4 0
mobius/es.go:1101.16,1103.3 1 0
mobius/es.go:1104.2,1105.19 2 0
mobius/es.go:1105.19,1107.3 1 0
mobius/es.go:1109.2,1116.66 2 0
mobius/es.go:1116.66,1118.3 1 0
mobius/es.go:1119.2,1120.39 2 0
mobius/es.go:1120.39,1122.20 2 0
mobius/es.go:1122.20,1124.4 1 0
mobius/es.go:1125.3,1125.29 1 0
mobius/es.go:1127.2,1127.20 1 0
mobius/es.go:1130.94,1141.16 4 0
mobius/es.go:1141.16,1143.3 1 0
mobius/es.go:1144.2,1145.19 2 0
mobius/es.go:1145.19,1147.3 1 0
mobius/es.go:1148.2,1148.12 1 0
mobius/es.go:1153.81,1155.29 2 0
mobius/es.go:1155.29,1163.3 7 0
mobius/es.go:1165.2,1166.16 2 0
mobius/es.go:1166.16,1168.3 1 0
mobius/es.go:1169.2,1170.19 2 0
mobius/es.go:1170.19,1172.3 1 0
mobius/es.go:1173.2,1173.12 1 0
mobius/es.go:1176.152,1179.21 2 0
mobius/es.go:1179.21,1181.3 1 0
mobius/es.go:1182.2,1182.19 1 0
mobius/es.go:1182.19,1184.3 1 0
mobius/es.go:1185.2,1185.21 1 0
mobius/es.go:1185.21,1187.3 1 0
mobius/es.go:1188.2,1188.18 1 0
mobius/es.go:1188.18,1190.3 1 0
mobius/es.go:1191.2,1191.40 1 0
mobius/es.go:1191.40,1193.22 2 0
mobius/es.go:1193.22,1195.4 1 0
mobius/es.go:1196.3,1196.22 1 0
mobius/es.go:1196.22,1198.4 1 0
mobius/es.go:1199.3,1199.90 1 0
mobius/es.go:1201.2,1201.23 1 0
mobius/es.go:1201.23,1203.3 1 0
mobius/es.go:1205.2,1216.16 4 0
mobius/es.go:1216.16,1218.3 1 0
mobius/es.go:1219.2,1220.19 2 0
mobius/es.go:1220.19,1222.3 1 0
mobius/es.go:1224.2,1231.66 2 0
mobius/es.go:1231.66,1233.3 1 0
mobius/es.go:1235.2,1236.39 2 0
mobius/es.go:1236.39,1238.3 1 0
mobius/es.go:1239.2,1239.20 1 0
mobius/es.go:1242.124,1244.21 2 0
mobius/es.go:1244.21,1246.3 1 0
mobius/es.go:1247.2,1247.40 1 0
mobius/es.go:1247.40,1249.22 2 0
mobius/es.go:1249.22,1251.4 1 0
mobius/es.go:1252.3,1252.22 1 0
mobius/es.go:1252.22,1254.4 1 0
mobius/es.go:1255.3,1255.90 1 0
mobius/es.go:1258.2,1259.22 2 0
mobius/es.go:1259.22,1261.3 1 0
mobius/es.go:1263.2,1278.16 4 0
mobius/es.go:1278.16,1280.3 1 0
mobius/es.go:1281.2,1282.19 2 0
mobius/es.go:1282.19,1284.3 1 0
mobius/es.go:1286.2,1301.66 2 0
mobius/es.go:1301.66,1303.3 1 0
mobius/es.go:1305.2,1306.55 2 0
mobius/es.go:1306.55,1308.3 1 0
mobius/es.go:1309.2,1309.45 1 0
mobius/es.go:1312.95,1326.16 4 0
mobius/es.go:1326.16,1328.3 1 0
mobius/es.go:1329.2,1330.19 2 0
mobius/es.go:1330.19,1332.3 1 0
mobius/es.go:1333.2,1337.28 3 0
mobius/es.go:1340.87,1352.16 4 0
mobius/es.go:1352.16,1354.3 1 0
mobius/es.go:1355.2,1356.19 2 0
mobius/es.go:1356.19,1358.3 1 0
mobius/es.go:1359.2,1363.28 3 0
mobius/es.go:1366.113,1382.16 4 0
mobius/es.go:1382.16,1384.3 1 0
mobius/es.go:1385.2,1386.19 2 0
mobius/es.go:1386.19,1388.3 1 0
mobius/es.go:1390.2,1397.66 2 0
mobius/es.go:1397.66,1399.3 1 0
mobius/es.go:1401.2,1402.39 2 0
mobius/es.go:1402.39,1404.3 1 0
mobius/es.go:1405.2,1405.20 1 0
mobius/es.go:1408.106,1410.51 2 0
mobius/es.go:1410.51,1413.3 2 0
mobius/es.go:1415.2,1415.78 1 0
mobius/es.go:1415.78,1417.3 1 0
mobius/es.go:1419.2,1420.51 2 0
mobius/es.go:1420.51,1422.35 2 0
mobius/es.go:1422.35,1425.4 2 0
mobius/es.go:1428.2,1428.12 1 0
mobius/es.go:1433.77,1435.26 2 0
mobius/es.go:1435.26,1437.3 1 0
mobius/es.go:1438.2,1455.16 4 0
mobius/es.go:1455.16,1457.3 1 0
mobius/es.go:1458.2,1459.19 2 0
mobius/es.go:1459.19,1461.3 1 0
mobius/es.go:1462.2,1462.12 1 0
mobius/es.go:1465.76,1469.16 2 0
mobius/es.go:1469.16,1471.3 1 0
mobius/es.go:1472.2,1473.12 2 0
mobius/es.go:1481.106,1483.17 2 0
mobius/es.go:1483.17,1489.3 1 0
mobius/es.go:1489.8,1502.3 1 0
mobius/es.go:1503.2,1509.16 3 0
mobius/es.go:1509.16,1511.3 1 0
mobius/es.go:1512.2,1513.19 2 0
mobius/es.go:1513.19,1515.3 1 0
mobius/es.go:1517.2,1528.66 2 0
mobius/es.go:1528.66,1530.3 1 0
mobius/es.go:1532.2,1533.37 2 0
mobius/es.go:1533.37,1535.27 2 0
mobius/es.go:1535.27,1537.4 1 0
mobius/es.go:1538.3,1538.65 1 0
mobius/es.go:1540.2,1540.17 1 0
mobius/es.go:1545.73,1547.20 2 0
mobius/es.go:1547.20,1549.3 1 0
mobius/es.go:1550.2,1566.16 4 0
mobius/es.go:1566.16,1568.3 1 0
mobius/es.go:1569.2,1570.19 2 0
mobius/es.go:1570.19,1572.3 1 0
mobius/es.go:1573.2,1573.12 1 0
mobius/es.go:1576.75,1580.16 2 0
mobius/es.go:1580.16,1582.3 1 0
mobius/es.go:1583.2,1584.12 2 0
mobius/es.go:1587.105,1589.17 2 0
mobius/es.go:1589.17,1595.3 1 0
mobius/es.go:1595.8,1608.3 1 0
mobius/es.go:1609.2,1615.16 3 0
mobius/es.go:1615.16,1617.3 1 0
mobius/es.go:1618.2,1619.19 2 0
mobius/es.go:1619.19,1621.3 1 0
mobius/es.go:1623.2,1633.66 2 0
mobius/es.go:1633.66,1635.3 1 0
mobius/es.go:1637.2,1638.37 2 0
mobius/es.go:1638.37,1640.3 1 0
mobius/es.go:1641.2,1641.17 1 0
mobius/es.go:1646.67,1648.23 2 0
mobius/es.go:1648.23,1650.3 1 0
mobius/es.go:1651.2,1651.22 1 0
mobius/es.go:1651.22,1653.3 1 0
mobius/es.go:1654.2,1654.24 1 0
mobius/es.go:1654.24,1656.3 1 0
mobius/es.go:1657.2,1674.16 4 0
mobius/es.go:1674.16,1676.3 1 0
mobius/es.go:1677.2,1678.19 2 0
mobius/es.go:1678.19,1680.3 1 0
mobius/es.go:1681.2,1681.12 1 0
mobius/es.go:1684.72,1688.16 2 0
mobius/es.go:1688.16,1690.3 1 0
mobius/es.go:1691.2,1692.12 2 0
mobius/es.go:1695.102,1697.17 2 0
mobius/es.go:1697.17,1703.3 1 0
mobius/es.go:1703.8,1716.3 1 0
mobius/es.go:1717.2,1723.16 3 0
mobius/es.go:1723.16,1725.3 1 0
mobius/es.go:1726.2,1727.19 2 0
mobius/es.go:1727.19,1729.3 1 0
mobius/es.go:1731.2,1741.66 2 0
mobius/es.go:1741.66,1743.3 1 0
mobius/es.go:1745.2,1746.37 2 0
mobius/es.go:1746.37,1748.3 1 0
mobius/es.go:1749.2,1749.17 1 0
mobius/es.go:1754.82,1759.16 2 0
mobius/es.go:1759.16,1761.3 1 0
mobius/es.go:1762.2,1767.26 4 0
mobius/es.go:1770.80,1772.15 2 0
mobius/es.go:1772.15,1774.3 1 0
mobius/es.go:1775.2,1776.16 2 0
mobius/es.go:1776.16,1778.3 1 0
mobius/es.go:1779.2,1779.27 1 0
mobius/es.go:1779.27,1780.62 1 0
mobius/es.go:1780.62,1782.4 1 0
mobius/es.go:1784.2,1785.12 2 0
mobius/es.go:1788.79,1790.15 2 0
mobius/es.go:1790.15,1792.3 1 0
mobius/es.go:1793.2,1794.16 2 0
mobius/es.go:1794.16,1796.3 1 0
mobius/es.go:1797.2,1797.26 1 0
mobius/es.go:1797.26,1798.60 1 0
mobius/es.go:1798.60,1800.4 1 0
mobius/es.go:1802.2,1803.12 2 0
mobius/es.go:1806.76,1808.15 2 0
mobius/es.go:1808.15,1810.3 1 0
mobius/es.go:1811.2,1812.16 2 0
mobius/es.go:1812.16,1814.3 1 0
mobius/es.go:1815.2,1815.23 1 0
mobius/es.go:1815.23,1816.54 1 0
mobius/es.go:1816.54,1818.4 1 0
mobius/es.go:1820.2,1821.12 2 0
mobius/event_handlers.go:9.73,10.23 1 0
mobius/event_handlers.go:10.23,13.3 2 0
mobius/event_handlers.go:15.2,22.34 7 0
mobius/event_handlers.go:22.34,23.56 1 0
mobius/event_handlers.go:23.56,25.4 1 0
mobius/event_handlers.go:27.2,27.34 1 0
mobius/event_handlers.go:27.34,28.56 1 0
mobius/event_handlers.go:28.56,30.4 1 0
mobius/event_handlers.go:33.2,34.34 2 0
mobius/event_handlers.go:34.34,35.65 1 0
mobius/event_handlers.go:35.65,37.4 1 0
mobius/event_handlers.go:40.2,41.16 2 0
mobius/event_handlers.go:41.16,44.3 2 0
mobius/event_handlers.go:45.2,45.70 1 0
mobius/event_handlers.go:48.73,49.23 1 0
mobius/event_handlers.go:49.23,52.3 2 0
mobius/event_handlers.go:54.2,58.34 4 0
mobius/event_handlers.go:58.34,59.56 1 0
mobius/event_handlers.go:59.56,61.4 1 0
mobius/event_handlers.go:63.2,63.34 1 0
mobius/event_handlers.go:63.34,64.56 1 0
mobius/event_handlers.go:64.56,66.4 1 0
mobius/event_handlers.go:69.2,70.16 2 0
mobius/event_handlers.go:70.16,73.3 2 0
mobius/event_handlers.go:75.2,76.21 2 0
mobius/event_handlers.go:76.21,78.3 1 0
mobius/event_handlers.go:79.2,79.21 1 0
mobius/event_handlers.go:79.21,81.3 1 0
mobius/event_handlers.go:83.2,87.4 1 0
mobius/events.go:33.83,42.2 2 0
mobius/events.go:44.46,45.18 1 0
mobius/events.go:45.18,47.3 1 0
mobius/events.go:48.2,48.28 1 0
mobius/events.go:48.28,50.3 1 0
mobius/events.go:51.2,51.9 1 0
mobius/events.go:52.23,52.23 0 0
mobius/events.go:53.10,55.60 1 0
mobius/events.go:59.53,68.38 6 0
mobius/events.go:68.38,69.22 1 0
mobius/events.go:69.22,71.4 1 0
mobius/events.go:72.3,74.31 3 0
mobius/events.go:77.2,77.6 1 0
mobius/events.go:77.6,78.10 1 0
mobius/events.go:79.26,81.38 2 0
mobius/events.go:81.38,83.5 1 0
mobius/events.go:84.19,85.14 1 0
mobius/events.go:86.21,87.8 1 0
mobius/events.go:87.8,88.12 1 0
mobius/events.go:89.28,90.32 1 0
mobius/events.go:91.13,95.12 4 0
mobius/events.go:102.33,104.2 1 0
mobius/events.go:106.74,107.24 1 0
mobius/events.go:107.24,108.65 1 0
mobius/events.go:108.65,110.4 1 0
mobius/events.go:112.2,112.24 1 0
mobius/events.go:112.24,113.68 1 0
mobius/events.go:113.68,115.4 1 0
mobius/events.go:117.2,117.56 1 0
mobius/events.go:120.100,130.2 1 1
mobius/events.go:132.36,133.13 1 1
mobius/events.go:133.13,135.3 1 1
mobius/events.go:136.2,136.11 1 1
mobius/events.go:139.42,140.17 1 1
mobius/events.go:140.17,142.3 1 1
mobius/events.go:145.2,145.37 1 1
mobius/events.go:145.37,147.3 1 0
mobius/events.go:148.2,148.14 1 1
mobius/events.go:153.84,154.29 1 0
mobius/events.go:154.29,157.3 2 0
mobius/events.go:159.2,160.24 2 0
mobius/events.go:160.24,162.3 1 0
mobius/events.go:164.2,165.18 2 0
mobius/events.go:165.18,167.3 1 0
mobius/events.go:169.2,169.6 1 0
mobius/events.go:169.6,172.21 3 0
mobius/events.go:172.21,174.4 1 0
mobius/events.go:175.3,176.10 2 0
mobius/events.go:177.18,178.54 1 0
mobius/events.go:179.21,181.10 2 0
mobius/events.go:188.105,194.6 4 0
mobius/events.go:194.6,196.17 2 0
mobius/events.go:196.17,199.4 2 0
mobius/events.go:200.3,200.23 1 0
mobius/events.go:200.23,201.9 1 0
mobius/events.go:204.3,208.30 5 0
mobius/events.go:208.30,211.4 2 0
mobius/events.go:212.3,220.17 6 0
mobius/events.go:220.17,223.4 2 0
mobius/events.go:225.3,226.17 2 0
mobius/events.go:226.17,229.4 2 0
mobius/events.go:231.3,234.60 3 0
mobius/events.go:237.2,237.24 1 0
mobius/events.go:237.24,240.3 2 0
mobius/events.go:242.2,243.66 1 0
mobius/gcs.go:25.73,27.25 2 0
mobius/gcs.go:27.25,29.3 1 0
mobius/gcs.go:31.2,32.16 2 0
mobius/gcs.go:32.16,34.3 1 0
mobius/gcs.go:36.2,37.21 2 0
mobius/gcs.go:37.21,39.3 1 0
mobius/gcs.go:40.2,42.92 2 0
mobius/gcs.go:42.92,45.3 2 0
mobius/gcs.go:47.2,48.15 2 0
mobius/gcs.go:51.107,53.16 2 0
mobius/gcs.go:53.16,55.3 1 0
mobius/gcs.go:56.2,56.48 1 0
mobius/gcs.go:56.48,58.3 1 0
mobius/gcs.go:60.2,60.20 1 0
mobius/gcs.go:60.20,62.3 1 0
mobius/gcs.go:64.2,67.28 2 0
mobius/gcs.go:67.28,69.3 1 0
mobius/gcs.go:71.2,71.82 1 0
mobius/gcs.go:71.82,73.3 1 0
mobius/gcs.go:74.2,75.12 2 0
mobius/gcs.go:78.53,81.2 2 0
mobius/gcs.go:83.129,85.35 2 0
mobius/gcs.go:85.35,87.3 1 0
mobius/gcs.go:87.8,89.3 1 0
mobius/gcs.go:90.2,95.44 4 0
mobius/gcs.go:95.44,98.3 2 0
mobius/gcs.go:99.2,99.34 1 0
mobius/gcs.go:99.34,101.3 1 0
mobius/gcs.go:103.2,105.20 3 0
mobius/gcs.go:108.70,110.32 2 0
mobius/gcs.go:110.32,112.3 1 0
mobius/gcs.go:113.2,115.81 2 0
mobius/gcs.go:115.81,117.3 1 0
mobius/gcs.go:118.2,119.12 2 0
mobius/gcs.go:122.76,125.6 3 0
mobius/gcs.go:125.6,127.36 2 0
mobius/gcs.go:127.36,128.9 1 0
mobius/gcs.go:130.3,130.17 1 0
mobius/gcs.go:130.17,132.4 1 0
mobius/gcs.go:133.3,133.88 1 0
mobius/gcs.go:133.88,136.4 2 0
mobius/gcs.go:138.2,138.16 1 0
mobius/gcs.go:141.35,143.2 1 0
mobius/gcs.go:146.86,148.32 2 0
mobius/gcs.go:148.32,150.3 1 0
mobius/gcs.go:151.2,151.57 1 0
mobius/gcs.go:154.89,157.16 3 0
mobius/gcs.go:157.16,159.3 1 0
mobius/gcs.go:160.2,163.16 3 0
mobius/gcs.go:163.16,165.3 1 0
mobius/gcs.go:166.2,168.41 2 0
mobius/gcs.go:168.41,170.3 1 0
mobius/gcs.go:172.2,173.12 2 0
mobius/gcs.go:176.86,179.6 3 0
mobius/gcs.go:179.6,181.36 2 0
mobius/gcs.go:181.36,182.9 1 0
mobius/gcs.go:184.3,184.17 1 0
mobius/gcs.go:184.17,186.4 1 0
mobius/gcs.go:187.3,187.41 1 0
mobius/gcs.go:187.41,188.12 1 0
mobius/gcs.go:190.3,190.40 1 0
mobius/gcs.go:192.2,192.21 1 0
mobius/gcs.go:195.104,196.33 1 0
mobius/gcs.go:196.33,198.3 1 0
mobius/gcs.go:200.2,201.16 2 0
mobius/gcs.go:201.16,203.3 1 0
mobius/gcs.go:205.2,207.83 2 0
mobius/gcs.go:207.83,208.17 1 0
mobius/gcs.go:208.17,210.4 1 0
mobius/gcs.go:211.3,211.19 1 0
mobius/gcs.go:211.19,213.4 1 0
mobius/gcs.go:215.3,216.17 2 0
mobius/gcs.go:216.17,218.4 1 0
mobius/gcs.go:220.3,221.39 2 0
mobius/gcs.go:221.39,223.4 1 0
mobius/gcs.go:223.9,223.37 1 0
mobius/gcs.go:223.37,225.4 1 0
mobius/gcs.go:227.3,230.17 3 0
mobius/gcs.go:230.17,232.4 1 0
mobius/gcs.go:233.3,236.24 3 0
mobius/gcs.go:236.24,238.4 1 0
mobius/gcs.go:240.3,245.45 5 0
mobius/gcs.go:245.45,248.4 2 0
mobius/gcs.go:249.3,249.35 1 0
mobius/gcs.go:249.35,251.4 1 0
mobius/gcs.go:253.3,254.13 2 0
mobius/gcs.go:257.2,257.16 1 0
mobius/gcs.go:257.16,259.3 1 0
mobius/gcs.go:261.2,272.16 5 0
mobius/gcs.go:272.16,276.3 3 0
mobius/gcs.go:278.2,278.23 1 0
mobius/handlers.go:42.243,44.21 2 0
mobius/handlers.go:44.21,46.3 1 0
mobius/handlers.go:47.2,63.10 3 0
mobius/handlers.go:66.39,67.72 1 0
mobius/handlers.go:67.72,68.24 1 0
mobius/handlers.go:68.24,70.4 1 0
mobius/handlers.go:71.3,71.46 1 0
mobius/handlers.go:71.46,73.4 1 0
mobius/handlers.go:74.3,74.20 1 0
mobius/handlers.go:77.2,77.77 1 0
mobius/handlers.go:77.77,78.24 1 0
mobius/handlers.go:78.24,80.4 1 0
mobius/handlers.go:81.3,81.46 1 0
mobius/handlers.go:81.46,83.4 1 0
mobius/handlers.go:84.3,84.20 1 0
mobius/handlers.go:87.2,87.72 1 0
mobius/handlers.go:87.72,88.24 1 0
mobius/handlers.go:88.24,90.4 1 0
mobius/handlers.go:91.3,91.46 1 0
mobius/handlers.go:91.46,93.4 1 0
mobius/handlers.go:94.3,94.20 1 0
mobius/handlers.go:97.2,97.78 1 0
mobius/handlers.go:97.78,98.22 1 0
mobius/handlers.go:98.22,100.4 1 0
mobius/handlers.go:101.3,104.17 4 0
mobius/handlers.go:104.17,106.4 1 0
mobius/handlers.go:107.3,107.20 1 0
mobius/handlers.go:110.2,110.67 1 0
mobius/handlers.go:110.67,111.25 1 0
mobius/handlers.go:111.25,112.45 1 0
mobius/handlers.go:112.45,114.5 1 0
mobius/handlers.go:115.4,115.54 1 0
mobius/handlers.go:117.3,117.47 1 0
mobius/handlers.go:117.47,119.4 1 0
mobius/handlers.go:120.3,120.20 1 0
mobius/handlers.go:123.2,123.67 1 0
mobius/handlers.go:123.67,124.27 1 0
mobius/handlers.go:124.27,126.4 1 0
mobius/handlers.go:127.3,128.20 2 0
mobius/handlers.go:128.20,130.4 1 0
mobius/handlers.go:131.3,131.20 1 0
mobius/handlers.go:134.2,134.73 1 0
mobius/handlers.go:134.73,135.63 1 0
mobius/handlers.go:135.63,136.25 1 0
mobius/handlers.go:136.25,138.5 1 0
mobius/handlers.go:140.3,140.51 1 0
mobius/handlers.go:143.2,143.75 1 0
mobius/handlers.go:143.75,144.63 1 0
mobius/handlers.go:144.63,145.25 1 0
mobius/handlers.go:145.25,147.5 1 0
mobius/handlers.go:149.3,149.51 1 0
mobius/handlers.go:153.52,154.23 1 0
mobius/handlers.go:154.23,156.80 2 0
mobius/handlers.go:156.80,158.4 1 0
mobius/handlers.go:161.2,161.24 1 0
mobius/handlers.go:161.24,162.45 1 0
mobius/handlers.go:162.45,164.4 1 0
mobius/handlers.go:167.2,167.23 1 0
mobius/handlers.go:167.23,169.3 1 0
mobius/handlers.go:171.2,171.23 1 0
mobius/handlers.go:171.23,172.44 1 0
mobius/handlers.go:172.44,174.4 1 0
mobius/handlers.go:177.2,177.43 1 0
mobius/handlers.go:180.64,183.24 3 0
mobius/handlers.go:183.24,184.62 1 0
mobius/handlers.go:184.62,186.12 2 0
mobius/handlers.go:188.3,188.11 1 0
mobius/handlers.go:190.2,190.87 1 0
mobius/handlers.go:193.49,195.56 2 0
mobius/handlers.go:195.56,197.3 1 0
mobius/handlers.go:200.62,201.17 1 0
mobius/handlers.go:201.17,203.3 1 0
mobius/handlers.go:203.8,205.3 1 0
mobius/handlers.go:206.2,206.26 1 0
mobius/handlers.go:209.74,211.2 1 0
mobius/handlers.go:213.72,218.2 2 0
mobius/handlers.go:220.74,222.2 1 0
mobius/handlers.go:224.77,226.66 2 0
mobius/handlers.go:226.66,229.3 2 0
mobius/handlers.go:231.2,233.59 2 0
mobius/handlers.go:233.59,237.3 3 0
mobius/handlers.go:239.2,240.38 2 0
mobius/handlers.go:243.73,246.2 2 0
mobius/handlers.go:248.71,250.63 2 0
mobius/handlers.go:250.63,253.3 2 0
mobius/handlers.go:254.2,254.63 1 0
mobius/handlers.go:254.63,257.3 2 0
mobius/handlers.go:258.2,258.22 1 0
mobius/handlers.go:258.22,260.3 1 0
mobius/handlers.go:261.2,261.26 1 0
mobius/handlers.go:261.26,263.3 1 0
mobius/handlers.go:265.2,269.59 4 0
mobius/handlers.go:269.59,272.3 2 0
mobius/handlers.go:274.2,275.21 2 0
mobius/handlers.go:278.74,284.27 5 0
mobius/handlers.go:284.27,285.17 1 0
mobius/handlers.go:285.17,288.9 3 0
mobius/handlers.go:291.2,293.12 2 0
mobius/handlers.go:293.12,296.3 2 0
mobius/handlers.go:298.2,298.59 1 0
mobius/handlers.go:298.59,301.3 2 0
mobius/handlers.go:303.2,304.49 2 0
mobius/handlers.go:307.73,310.67 3 0
mobius/handlers.go:310.67,312.14 2 0
mobius/handlers.go:312.14,314.4 1 0
mobius/handlers.go:315.3,316.9 2 0
mobius/handlers.go:319.2,320.16 2 0
mobius/handlers.go:320.16,323.3 2 0
mobius/handlers.go:324.2,329.20 5 0
mobius/handlers.go:329.20,331.3 1 0
mobius/handlers.go:333.2,340.24 2 0
mobius/handlers.go:340.24,342.17 2 0
mobius/handlers.go:342.17,346.4 3 0
mobius/handlers.go:347.3,347.22 1 0
mobius/handlers.go:348.8,353.17 4 0
mobius/handlers.go:353.17,356.4 2 0
mobius/handlers.go:357.3,359.47 2 0
mobius/handlers.go:359.47,362.4 2 0
mobius/handlers.go:363.3,363.73 1 0
mobius/handlers.go:366.2,367.19 2 0
mobius/handlers.go:372.83,373.23 1 0
mobius/handlers.go:373.23,376.3 2 0
mobius/handlers.go:378.2,382.17 4 0
mobius/handlers.go:382.17,384.3 1 0
mobius/handlers.go:386.2,387.16 2 0
mobius/handlers.go:387.16,390.3 2 0
mobius/handlers.go:391.2,391.24 1 0
mobius/handlers.go:394.80,395.23 1 0
mobius/handlers.go:395.23,398.3 2 0
mobius/handlers.go:400.2,405.62 3 0
mobius/handlers.go:405.62,408.3 2 0
mobius/handlers.go:409.2,409.27 1 0
mobius/handlers.go:409.27,412.3 2 0
mobius/handlers.go:414.2,414.118 1 0
mobius/handlers.go:414.118,417.3 2 0
mobius/handlers.go:419.2,421.89 3 0
mobius/handlers.go:424.83,425.23 1 0
mobius/handlers.go:425.23,428.3 2 0
mobius/handlers.go:430.2,431.79 2 0
mobius/handlers.go:431.79,434.3 2 0
mobius/handlers.go:436.2,437.56 2 0
mobius/handlers.go:440.80,442.15 2 0
mobius/handlers.go:442.15,445.17 3 0
mobius/handlers.go:445.17,448.4 2 0
mobius/handlers.go:451.2,452.26 2 0
mobius/handlers.go:452.26,455.3 2 0
mobius/handlers.go:457.2,458.16 2 0
mobius/handlers.go:458.16,461.3 2 0
mobius/handlers.go:463.2,468.28 3 0
mobius/handlers.go:468.28,469.53 1 0
mobius/handlers.go:469.53,470.12 1 0
mobius/handlers.go:472.3,475.5 1 0
mobius/handlers.go:478.2,482.4 1 0
mobius/handlers.go:485.69,486.23 1 0
mobius/handlers.go:486.23,489.3 2 0
mobius/handlers.go:490.2,493.46 4 0
mobius/handlers.go:493.46,494.64 1 0
mobius/handlers.go:494.64,496.4 1 0
mobius/handlers.go:499.2,501.13 3 0
mobius/handlers.go:502.19,503.67 1 0
mobius/handlers.go:504.18,505.66 1 0
mobius/handlers.go:506.15,507.63 1 0
mobius/handlers.go:508.10,510.9 2 0
mobius/handlers.go:512.2,512.16 1 0
mobius/handlers.go:512.16,515.3 2 0
mobius/handlers.go:516.2,516.23 1 0
mobius/health.go:14.50,14.88 1 0
mobius/health.go:15.51,15.110 1 0
mobius/health.go:16.51,16.111 1 0
mobius/health.go:29.61,31.2 1 0
mobius/health.go:33.95,37.2 3 0
mobius/health.go:39.82,54.27 9 0
mobius/health.go:54.27,55.20 1 0
mobius/health.go:55.20,57.4 1 0
mobius/health.go:60.2,61.19 2 0
mobius/health.go:61.19,64.3 2 0
mobius/health.go:65.2,65.12 1 0
mobius/image_postprocess.go:41.23,42.11 1 1
mobius/image_postprocess.go:42.11,44.3 1 1
mobius/image_postprocess.go:45.2,45.10 1 1
mobius/image_postprocess.go:48.26,49.11 1 1
mobius/image_postprocess.go:49.11,51.3 1 1
mobius/image_postprocess.go:52.2,52.10 1 1
mobius/image_postprocess.go:55.26,56.11 1 1
mobius/image_postprocess.go:56.11,58.3 1 1
mobius/image_postprocess.go:59.2,59.10 1 1
mobius/image_postprocess.go:62.44,63.37 1 1
mobius/image_postprocess.go:63.37,65.3 1 0
mobius/image_postprocess.go:66.2,69.12 4 1
mobius/image_postprocess.go:75.43,77.16 2 1
mobius/image_postprocess.go:77.16,79.3 1 0
mobius/image_postprocess.go:80.2,81.16 2 1
mobius/image_postprocess.go:81.16,83.3 1 0
mobius/image_postprocess.go:84.2,85.30 2 1
mobius/image_postprocess.go:85.30,87.3 1 1
mobius/image_postprocess.go:89.2,94.46 5 1
mobius/image_postprocess.go:94.46,96.3 1 0
mobius/image_postprocess.go:97.2,97.46 1 1
mobius/image_postprocess.go:102.63,105.22 3 1
mobius/image_postprocess.go:105.22,107.3 1 0
mobius/image_postprocess.go:109.2,112.42 3 1
mobius/image_postprocess.go:112.42,115.3 2 1
mobius/image_postprocess.go:117.2,119.28 3 1
mobius/image_postprocess.go:119.28,124.3 4 1
mobius/image_postprocess.go:125.2,128.34 4 1
mobius/image_postprocess.go:128.34,130.3 1 1
mobius/image_postprocess.go:132.2,134.28 3 1
mobius/image_postprocess.go:134.28,137.38 3 1
mobius/image_postprocess.go:137.38,140.4 2 1
mobius/image_postprocess.go:143.2,144.21 2 1
mobius/image_postprocess.go:144.21,149.22 5 1
mobius/image_postprocess.go:149.22,150.12 1 1
mobius/image_postprocess.go:152.3,154.79 3 1
mobius/image_postprocess.go:154.79,156.46 2 1
mobius/image_postprocess.go:156.46,158.22 2 1
mobius/image_postprocess.go:158.22,161.6 2 1
mobius/image_postprocess.go:166.2,168.54 2 1
mobius/image_postprocess.go:168.54,170.3 1 1
mobius/image_postprocess.go:171.2,171.12 1 1
mobius/image_postprocess.go:177.46,180.38 3 1
mobius/image_postprocess.go:180.38,181.32 1 1
mobius/image_postprocess.go:181.32,182.70 1 1
mobius/image_postprocess.go:182.70,184.5 1 0
mobius/image_postprocess.go:186.3,186.15 1 1
mobius/image_postprocess.go:189.2,191.25 3 1
mobius/image_postprocess.go:191.25,192.41 1 1
mobius/image_postprocess.go:192.41,194.4 1 1
mobius/image_postprocess.go:195.3,196.20 2 1
mobius/image_postprocess.go:196.20,199.4 2 1
mobius/image_postprocess.go:201.2,201.25 1 1
mobius/image_postprocess.go:201.25,204.3 2 1
mobius/image_postprocess.go:205.2,205.25 1 1
mobius/image_postprocess.go:205.25,208.3 2 1
mobius/image_postprocess.go:210.2,211.21 2 1
mobius/image_postprocess.go:211.21,216.24 5 1
mobius/image_postprocess.go:216.24,221.12 5 1
mobius/image_postprocess.go:223.3,224.26 2 1
mobius/image_postprocess.go:224.26,225.12 1 1
mobius/image_postprocess.go:227.3,232.15 6 0
mobius/image_postprocess.go:234.2,234.17 1 1
mobius/image_postprocess.go:239.71,244.25 4 1
mobius/image_postprocess.go:244.25,245.26 1 1
mobius/image_postprocess.go:245.26,246.59 1 1
mobius/image_postprocess.go:246.59,251.5 4 1
mobius/image_postprocess.go:254.2,254.32 1 1
mobius/image_postprocess.go:254.32,256.3 1 1
mobius/image_postprocess.go:258.2,273.12 15 1
mobius/image_postprocess.go:278.65,283.25 4 1
mobius/image_postprocess.go:283.25,284.26 1 1
mobius/image_postprocess.go:284.26,286.4 1 1
mobius/image_postprocess.go:288.2,288.30 1 1
mobius/image_postprocess.go:288.30,290.3 1 1
mobius/image_postprocess.go:292.2,293.25 2 1
mobius/image_postprocess.go:293.25,294.26 1 1
mobius/image_postprocess.go:294.26,295.24 1 1
mobius/image_postprocess.go:295.24,301.5 5 1
mobius/image_postprocess.go:306.2,306.25 1 1
mobius/image_postprocess.go:306.25,307.26 1 1
mobius/image_postprocess.go:307.26,310.15 3 1
mobius/image_postprocess.go:310.15,311.13 1 1
mobius/image_postprocess.go:313.4,314.17 2 1
mobius/image_postprocess.go:314.17,319.13 5 1
mobius/image_postprocess.go:321.4,322.27 2 0
mobius/image_postprocess.go:322.27,324.5 1 0
mobius/image_postprocess.go:325.4,326.58 2 0
mobius/image_postprocess.go:329.2,329.12 1 1
mobius/image_postprocess.go:333.52,335.25 2 1
mobius/image_postprocess.go:335.25,336.26 1 1
mobius/image_postprocess.go:336.26,338.32 2 1
mobius/image_postprocess.go:338.32,340.26 2 1
mobius/image_postprocess.go:340.26,341.14 1 1
mobius/image_postprocess.go:343.5,343.33 1 1
mobius/image_postprocess.go:343.33,345.27 2 1
mobius/image_postprocess.go:345.27,346.15 1 1
mobius/image_postprocess.go:348.6,348.38 1 1
mobius/image_postprocess.go:348.38,350.7 1 1
mobius/image_postprocess.go:353.4,353.18 1 1
mobius/image_postprocess.go:356.2,356.12 1 1
mobius/interaction_handlers.go:11.79,12.23 1 0
mobius/interaction_handlers.go:12.23,15.3 2 0
mobius/interaction_handlers.go:17.2,19.16 3 0
mobius/interaction_handlers.go:19.16,23.3 3 0
mobius/interaction_handlers.go:24.2,24.28 1 0
mobius/interaction_handlers.go:27.81,28.23 1 0
mobius/interaction_handlers.go:28.23,31.3 2 0
mobius/interaction_handlers.go:33.2,39.62 3 0
mobius/interaction_handlers.go:39.62,42.3 2 0
mobius/interaction_handlers.go:43.2,43.27 1 0
mobius/interaction_handlers.go:43.27,44.56 1 0
mobius/interaction_handlers.go:44.56,47.4 2 0
mobius/interaction_handlers.go:50.2,50.114 1 0
mobius/interaction_handlers.go:50.114,54.3 3 0
mobius/interaction_handlers.go:56.2,57.76 2 0
mobius/interactions.go:23.87,24.23 1 0
mobius/interactions.go:24.23,26.3 1 0
mobius/interactions.go:27.2,33.16 2 0
mobius/interactions.go:33.16,35.3 1 0
mobius/interactions.go:36.2,36.12 1 0
mobius/interactions.go:39.101,47.16 2 0
mobius/interactions.go:47.16,49.3 1 0
mobius/interactions.go:50.2,53.18 3 0
mobius/interactions.go:53.18,57.63 2 0
mobius/interactions.go:57.63,59.4 1 0
mobius/interactions.go:60.3,60.42 1 0
mobius/interactions.go:62.2,62.25 1 0
mobius/interactions.go:62.25,64.3 1 0
mobius/interactions.go:65.2,65.26 1 0
mobius/interactions.go:68.109,76.16 2 0
mobius/interactions.go:76.16,78.3 1 0
mobius/interactions.go:79.2,82.18 3 0
mobius/interactions.go:82.18,86.63 2 0
mobius/interactions.go:86.63,88.4 1 0
mobius/interactions.go:89.3,89.42 1 0
mobius/interactions.go:91.2,91.25 1 0
mobius/interactions.go:91.25,93.3 1 0
mobius/interactions.go:94.2,94.26 1 0
mobius/interactions.go:97.134,98.21 1 0
mobius/interactions.go:98.21,100.3 1 0
mobius/interactions.go:103.2,104.22 2 0
mobius/interactions.go:104.22,106.3 1 0
mobius/interactions.go:107.2,112.16 2 0
mobius/interactions.go:112.16,114.3 1 0
mobius/interactions.go:115.2,115.32 1 0
mobius/interactions.go:115.32,117.3 1 0
mobius/interactions.go:118.2,118.12 1 0
mobius/interactions.go:121.89,127.16 2 0
mobius/interactions.go:127.16,129.3 1 0
mobius/interactions.go:130.2,130.12 1 0
mobius/interactions.go:136.87,138.42 2 0
mobius/interactions.go:138.42,140.3 1 0
mobius/interactions.go:142.2,144.34 3 0
mobius/interactions.go:144.34,147.24 3 0
mobius/interactions.go:147.24,148.66 1 0
mobius/interactions.go:148.66,150.5 1 0
mobius/interactions.go:153.3,154.25 2 0
mobius/interactions.go:154.25,156.64 2 0
mobius/interactions.go:156.64,158.5 1 0
mobius/interactions.go:161.3,161.21 1 0
mobius/interactions.go:161.21,163.4 1 0
mobius/interactions.go:165.2,166.15 2 0
mobius/main.go:17.94,18.20 1 0
mobius/main.go:18.20,20.3 1 0
mobius/main.go:21.2,21.21 1 0
mobius/main.go:21.21,23.3 1 0
mobius/main.go:24.2,24.21 1 0
mobius/main.go:24.21,26.3 1 0
mobius/main.go:27.2,33.3 1 0
mobius/main.go:36.54,38.11 2 0
mobius/main.go:38.11,42.3 3 0
mobius/main.go:43.2,43.47 1 0
mobius/main.go:46.13,49.16 3 0
mobius/main.go:49.16,52.17 3 0
mobius/main.go:52.17,55.4 2 0
mobius/main.go:58.2,61.51 3 0
mobius/main.go:61.51,63.3 1 0
mobius/main.go:65.2,69.11 4 0
mobius/main.go:69.11,71.3 1 0
mobius/main.go:73.2,81.16 7 0
mobius/main.go:81.16,86.3 4 0
mobius/main.go:88.2,91.16 4 0
mobius/main.go:91.16,95.3 3 0
mobius/main.go:97.2,98.38 2 0
mobius/main.go:98.38,100.17 2 0
mobius/main.go:100.17,104.4 3 0
mobius/main.go:107.2,108.44 2 0
mobius/main.go:108.44,110.17 2 0
mobius/main.go:110.17,114.4 3 0
mobius/main.go:117.2,119.16 3 0
mobius/main.go:119.16,123.3 3 0
mobius/main.go:125.2,125.21 1 0
mobius/main.go:125.21,127.59 2 0
mobius/main.go:127.59,129.4 1 0
mobius/main.go:130.3,130.68 1 0
mobius/main.go:130.68,132.4 1 0
mobius/main.go:135.3,135.33 1 0
mobius/main.go:138.2,139.54 2 0
mobius/main.go:139.54,141.3 1 0
mobius/main.go:143.2,144.25 2 0
mobius/main.go:144.25,146.35 2 0
mobius/main.go:146.35,150.4 3 0
mobius/main.go:151.3,151.92 1 0
mobius/main.go:153.2,155.27 3 0
mobius/main.go:155.27,157.3 1 0
mobius/main.go:158.2,158.27 1 0
mobius/main.go:158.27,160.3 1 0
mobius/main.go:162.2,163.40 2 0
mobius/main.go:163.40,168.3 2 0
mobius/main.go:170.2,174.22 3 0
mobius/main.go:174.22,176.3 1 0
mobius/main.go:177.2,177.47 1 0
mobius/main.go:177.47,180.3 2 0
mobius/main.go:182.2,197.33 2 0
mobius/main.go:197.33,198.44 1 0
mobius/main.go:198.44,207.4 2 0
mobius/main.go:210.2,210.40 1 0
mobius/main.go:210.40,211.44 1 0
mobius/main.go:211.44,213.22 2 0
mobius/main.go:213.22,215.5 1 0
mobius/main.go:216.4,222.88 2 0
mobius/main.go:226.2,226.21 1 0
mobius/main.go:226.21,227.80 1 0
mobius/main.go:227.80,229.4 1 0
mobius/main.go:231.3,231.22 1 0
mobius/main.go:231.22,233.19 2 0
mobius/main.go:233.19,234.29 1 0
mobius/main.go:234.29,235.28 1 0
mobius/main.go:235.28,237.7 1 0
mobius/main.go:239.5,239.82 1 0
mobius/main.go:243.3,244.56 2 0
mobius/main.go:244.56,246.4 1 0
mobius/main.go:247.3,247.48 1 0
mobius/main.go:247.48,248.65 1 0
mobius/main.go:248.65,250.5 1 0
mobius/main.go:253.3,253.39 1 0
mobius/main.go:253.39,255.22 2 0
mobius/main.go:255.22,257.5 1 0
mobius/main.go:257.10,257.22 1 0
mobius/main.go:257.22,259.5 1 0
mobius/main.go:262.3,262.47 1 0
mobius/main.go:262.47,264.22 2 0
mobius/main.go:264.22,266.5 1 0
mobius/main.go:266.10,266.32 1 0
mobius/main.go:266.32,268.5 1 0
mobius/main.go:272.2,272.21 1 0
mobius/main.go:272.21,273.60 1 0
mobius/main.go:273.60,275.4 1 0
mobius/main.go:276.3,276.22 1 0
mobius/main.go:276.22,277.78 1 0
mobius/main.go:277.78,279.5 1 0
mobius/main.go:280.4,280.14 1 0
mobius/main.go:280.14,281.69 1 0
mobius/main.go:281.69,283.6 1 0
mobius/main.go:284.5,284.68 1 0
mobius/main.go:284.68,286.6 1 0
mobius/main.go:287.5,287.65 1 0
mobius/main.go:287.65,289.6 1 0
mobius/main.go:294.2,296.48 2 0
mobius/main.go:296.48,297.72 1 0
mobius/main.go:297.72,311.33 6 0
mobius/main.go:311.33,318.5 1 0
mobius/main.go:322.2,322.45 1 0
mobius/main.go:322.45,322.64 1 0
mobius/main.go:325.2,449.54 85 0
mobius/main.go:449.54,451.3 1 0
mobius/main.go:452.2,455.15 3 0
mobius/main.go:455.15,457.3 1 0
mobius/main.go:459.2,477.26 4 0
mobius/main.go:477.26,479.3 1 0
mobius/main.go:482.2,482.30 1 0
mobius/main.go:482.30,484.3 1 0
mobius/main.go:487.2,487.41 1 0
mobius/main.go:487.41,489.3 1 0
mobius/main.go:492.2,493.21 2 0
mobius/main.go:493.21,497.3 3 0
mobius/main.go:500.2,505.22 4 0
mobius/main.go:505.22,507.3 1 0
mobius/main.go:508.2,518.21 6 0
mobius/main.go:518.21,521.3 2 0
mobius/main.go:524.2,524.21 1 0
mobius/main.go:524.21,525.13 1 0
mobius/main.go:525.13,528.8 3 0
mobius/main.go:528.8,529.12 1 0
mobius/main.go:530.21,532.20 2 0
mobius/main.go:532.20,534.7 1 0
mobius/main.go:534.12,534.34 1 0
mobius/main.go:534.34,536.7 1 0
mobius/main.go:537.27,538.12 1 0
mobius/main.go:544.3,544.13 1 0
mobius/main.go:544.13,545.8 1 0
mobius/main.go:545.8,548.24 3 0
mobius/main.go:548.24,550.6 1 0
mobius/main.go:551.5,553.12 3 0
mobius/main.go:554.20,556.30 2 0
mobius/main.go:557.27,559.12 2 0
mobius/main.go:565.2,568.12 3 0
mobius/main.go:568.12,569.80 1 0
mobius/main.go:569.80,572.4 2 0
mobius/main.go:575.2,580.26 4 0
mobius/main.go:580.26,583.3 2 0
mobius/main.go:585.2,585.30 1 0
mobius/main.go:585.30,588.3 2 0
mobius/main.go:590.2,593.53 3 0
mobius/main.go:593.53,595.3 1 0
mobius/main.go:597.2,599.40 2 0
mobius/main.go:602.94,604.16 2 0
mobius/main.go:604.16,606.3 1 0
mobius/main.go:608.2,609.26 2 0
mobius/main.go:609.26,612.17 3 0
mobius/main.go:612.17,615.4 2 0
mobius/main.go:616.3,617.20 2 0
mobius/main.go:620.2,622.12 3 0
mobius/main.go:630.48,633.2 2 0
mobius/main.go:635.32,636.50 1 0
mobius/main.go:636.50,638.3 1 0
mobius/mcp.go:57.71,67.2 3 0
mobius/mcp.go:72.29,73.50 1 0
mobius/mcp.go:73.50,75.3 1 0
mobius/mcp.go:76.2,77.40 2 0
mobius/mcp.go:77.40,78.66 1 0
mobius/mcp.go:80.2,81.10 2 0
mobius/mcp.go:87.64,93.2 4 1
mobius/mcp.go:97.67,99.21 2 1
mobius/mcp.go:99.21,101.3 1 1
mobius/mcp.go:102.2,103.16 2 1
mobius/mcp.go:103.16,105.3 1 1
mobius/mcp.go:106.2,107.16 2 1
mobius/mcp.go:107.16,109.3 1 0
mobius/mcp.go:110.2,112.56 3 1
mobius/mcp.go:112.56,114.3 1 1
mobius/mcp.go:115.2,116.69 2 1
mobius/mcp.go:116.69,118.3 1 0
mobius/mcp.go:119.2,119.21 1 1
mobius/mcp.go:122.41,166.29 5 0
mobius/mcp.go:166.29,175.3 1 0
mobius/mcp.go:178.102,180.50 2 1
mobius/mcp.go:180.50,182.3 1 1
mobius/mcp.go:186.2,186.22 1 1
mobius/mcp.go:186.22,188.3 1 1
mobius/mcp.go:190.2,194.20 4 1
mobius/mcp.go:195.20,204.89 3 1
mobius/mcp.go:204.89,206.4 1 1
mobius/mcp.go:207.3,211.4 1 1
mobius/mcp.go:213.35,214.33 1 0
mobius/mcp.go:216.20,219.29 3 0
mobius/mcp.go:219.29,221.4 1 0
mobius/mcp.go:222.3,223.47 2 0
mobius/mcp.go:225.20,230.61 2 1
mobius/mcp.go:230.61,232.4 1 1
mobius/mcp.go:235.3,235.65 1 1
mobius/mcp.go:235.65,237.4 1 0
mobius/mcp.go:239.3,242.10 4 1
mobius/mcp.go:242.10,244.4 1 1
mobius/mcp.go:246.3,247.15 2 0
mobius/mcp.go:247.15,249.4 1 0
mobius/mcp.go:250.3,250.17 1 0
mobius/mcp.go:250.17,257.4 1 0
mobius/mcp.go:257.9,259.19 2 0
mobius/mcp.go:259.19,261.5 1 0
mobius/mcp.go:262.4,266.5 1 0
mobius/mcp.go:269.10,270.70 1 1
mobius/mcp.go:273.2,273.27 1 1
mobius/mcp.go:279.161,280.15 1 0
mobius/mcp.go:280.15,281.31 1 0
mobius/mcp.go:281.31,285.4 2 0
mobius/mcp.go:287.2,288.8 2 0
mobius/mcp.go:291.81,298.2 2 1
mobius/mcp.go:300.52,302.16 2 1
mobius/mcp.go:302.16,304.3 1 1
mobius/mcp.go:305.2,305.17 1 1
mobius/mcp.go:305.17,307.3 1 1
mobius/mcp.go:308.2,308.13 1 1
mobius/mcp.go:311.53,314.2 2 1
mobius/mcp_handlers.go:17.108,18.26 1 0
mobius/mcp_handlers.go:18.26,20.3 1 0
mobius/mcp_handlers.go:21.2,22.16 2 0
mobius/mcp_handlers.go:22.16,24.3 1 0
mobius/mcp_handlers.go:25.2,25.64 1 0
mobius/mcp_handlers.go:25.64,27.3 1 0
mobius/mcp_handlers.go:28.2,28.62 1 0
mobius/mcp_handlers.go:28.62,30.3 1 0
mobius/mcp_handlers.go:31.2,31.84 1 0
mobius/mcp_handlers.go:31.84,33.3 1 0
mobius/mcp_handlers.go:34.2,34.67 1 0
mobius/mcp_handlers.go:40.88,42.16 2 0
mobius/mcp_handlers.go:42.16,44.3 1 0
mobius/mcp_handlers.go:45.2,45.26 1 0
mobius/mcp_handlers.go:45.26,47.3 1 0
mobius/mcp_handlers.go:48.2,49.39 2 0
mobius/mcp_handlers.go:49.39,51.41 2 0
mobius/mcp_handlers.go:51.41,53.4 1 0
mobius/mcp_handlers.go:54.3,54.33 1 0
mobius/mcp_handlers.go:54.33,56.4 1 0
mobius/mcp_handlers.go:57.3,57.23 1 0
mobius/mcp_handlers.go:59.2,59.14 1 0
mobius/mcp_handlers.go:64.102,65.26 1 0
mobius/mcp_handlers.go:65.26,67.3 1 0
mobius/mcp_handlers.go:68.2,68.76 1 0
mobius/mcp_handlers.go:68.76,70.3 1 0
mobius/mcp_handlers.go:71.2,71.72 1 0
mobius/mcp_handlers.go:76.105,77.26 1 0
mobius/mcp_handlers.go:77.26,79.3 1 0
mobius/mcp_handlers.go:80.2,81.16 2 0
mobius/mcp_handlers.go:81.16,83.3 1 0
mobius/mcp_handlers.go:84.2,84.64 1 0
mobius/mcp_handlers.go:84.64,86.3 1 0
mobius/mcp_handlers.go:87.2,87.94 1 0
mobius/mcp_handlers.go:87.94,89.3 1 0
mobius/mcp_handlers.go:90.2,90.65 1 0
mobius/mcp_handlers.go:93.113,101.51 7 0
mobius/mcp_handlers.go:101.51,103.3 1 0
mobius/mcp_handlers.go:105.2,106.16 2 0
mobius/mcp_handlers.go:106.16,108.3 1 0
mobius/mcp_handlers.go:109.2,110.16 2 0
mobius/mcp_handlers.go:110.16,112.3 1 0
mobius/mcp_handlers.go:113.2,113.37 1 0
mobius/mcp_handlers.go:113.37,115.3 1 0
mobius/mcp_handlers.go:117.2,118.23 2 0
mobius/mcp_handlers.go:118.23,120.3 1 0
mobius/mcp_handlers.go:121.2,121.20 1 0
mobius/mcp_handlers.go:121.20,123.3 1 0
mobius/mcp_handlers.go:125.2,132.59 2 0
mobius/mcp_handlers.go:132.59,134.3 1 0
mobius/mcp_handlers.go:135.2,135.23 1 0
mobius/mcp_handlers.go:135.23,136.63 1 0
mobius/mcp_handlers.go:136.63,137.60 1 0
mobius/mcp_handlers.go:137.60,139.5 1 0
mobius/mcp_handlers.go:143.2,143.93 1 0
mobius/mcp_handlers.go:146.113,149.16 3 0
mobius/mcp_handlers.go:149.16,151.3 1 0
mobius/mcp_handlers.go:152.2,152.63 1 0
mobius/mcp_handlers.go:152.63,154.3 1 0
mobius/mcp_handlers.go:156.2,159.50 4 0
mobius/mcp_handlers.go:159.50,161.3 1 0
mobius/mcp_handlers.go:163.2,163.59 1 0
mobius/mcp_handlers.go:163.59,165.3 1 0
mobius/mcp_handlers.go:167.2,173.51 2 0
mobius/mcp_handlers.go:173.51,175.3 1 0
mobius/mcp_handlers.go:176.2,176.60 1 0
mobius/mcp_handlers.go:176.60,178.3 1 0
mobius/mcp_handlers.go:179.2,179.23 1 0
mobius/mcp_handlers.go:179.23,180.62 1 0
mobius/mcp_handlers.go:180.62,182.4 1 0
mobius/mcp_handlers.go:185.2,185.84 1 0
mobius/mcp_handlers.go:188.113,192.34 4 0
mobius/mcp_handlers.go:192.34,194.3 1 0
mobius/mcp_handlers.go:195.2,195.68 1 0
mobius/mcp_handlers.go:195.68,197.3 1 0
mobius/mcp_handlers.go:198.2,198.88 1 0
mobius/mcp_handlers.go:198.88,200.3 1 0
mobius/mcp_handlers.go:201.2,201.85 1 0
mobius/mcp_handlers.go:201.85,203.3 1 0
mobius/mcp_handlers.go:204.2,204.81 1 0
mobius/mcp_handlers.go:207.111,212.34 5 0
mobius/mcp_handlers.go:212.34,214.3 1 0
mobius/mcp_handlers.go:215.2,215.68 1 0
mobius/mcp_handlers.go:215.68,217.3 1 0
mobius/mcp_handlers.go:218.2,218.16 1 0
mobius/mcp_handlers.go:219.17,220.90 1 0
mobius/mcp_handlers.go:220.90,222.4 1 0
mobius/mcp_handlers.go:223.3,223.70 1 0
mobius/mcp_handlers.go:224.16,225.21 1 0
mobius/mcp_handlers.go:225.21,227.4 1 0
mobius/mcp_handlers.go:228.3,228.91 1 0
mobius/mcp_handlers.go:228.91,230.4 1 0
mobius/mcp_handlers.go:233.3,233.106 1 0
mobius/mcp_handlers.go:233.106,235.4 1 0
mobius/mcp_handlers.go:236.3,236.70 1 0
mobius/mcp_handlers.go:237.10,238.61 1 0
mobius/mcp_handlers.go:242.113,245.18 3 0
mobius/mcp_handlers.go:245.18,247.3 1 0
mobius/mcp_handlers.go:248.2,249.31 2 0
mobius/mcp_handlers.go:249.31,251.3 1 0
mobius/mcp_handlers.go:252.2,253.23 2 0
mobius/mcp_handlers.go:253.23,255.18 2 0
mobius/mcp_handlers.go:255.18,257.29 2 0
mobius/mcp_handlers.go:257.29,259.5 1 0
mobius/mcp_handlers.go:260.4,260.20 1 0
mobius/mcp_handlers.go:260.20,262.5 1 0
mobius/mcp_handlers.go:263.4,263.27 1 0
mobius/mcp_handlers.go:266.2,266.20 1 0
mobius/mcp_handlers.go:269.107,271.16 2 0
mobius/mcp_handlers.go:271.16,273.3 1 0
mobius/mcp_handlers.go:274.2,275.32 2 0
mobius/mcp_handlers.go:275.32,277.3 1 0
mobius/mcp_handlers.go:278.2,278.20 1 0
mobius/mcp_handlers.go:278.20,280.3 1 0
mobius/mcp_handlers.go:281.2,281.68 1 0
mobius/mcp_handlers.go:284.112,287.37 3 0
mobius/mcp_handlers.go:287.37,289.3 1 0
mobius/mcp_handlers.go:290.2,290.102 1 0
mobius/mcp_handlers.go:290.102,292.3 1 0
mobius/mcp_handlers.go:293.2,293.73 1 0
mobius/mcp_handlers.go:296.108,299.41 3 0
mobius/mcp_handlers.go:299.41,301.3 1 0
mobius/mcp_handlers.go:302.2,302.71 1 0
mobius/mcp_handlers.go:302.71,304.3 1 0
mobius/mcp_handlers.go:305.2,305.74 1 0
mobius/mcp_handlers.go:308.110,312.33 4 0
mobius/mcp_handlers.go:312.33,314.3 1 0
mobius/mcp_handlers.go:316.2,317.56 2 0
mobius/mcp_handlers.go:317.56,319.3 1 0
mobius/mcp_handlers.go:320.2,321.16 2 0
mobius/mcp_handlers.go:321.16,323.3 1 0
mobius/mcp_handlers.go:325.2,326.16 2 0
mobius/mcp_handlers.go:326.16,328.3 1 0
mobius/mcp_handlers.go:329.2,330.70 2 0
mobius/mcp_handlers.go:330.70,332.3 1 0
mobius/mcp_handlers.go:334.2,334.23 1 0
mobius/mcp_handlers.go:334.23,340.28 6 0
mobius/mcp_handlers.go:340.28,343.4 2 0
mobius/mcp_handlers.go:344.3,353.43 2 0
mobius/mcp_handlers.go:356.2,356.86 1 0
mobius/mcp_handlers.go:359.109,362.16 3 0
mobius/mcp_handlers.go:362.16,364.3 1 0
mobius/mcp_handlers.go:365.2,366.56 2 0
mobius/mcp_handlers.go:366.56,368.3 1 0
mobius/mcp_handlers.go:369.2,370.16 2 0
mobius/mcp_handlers.go:370.16,372.3 1 0
mobius/mcp_handlers.go:373.2,374.16 2 0
mobius/mcp_handlers.go:374.16,376.3 1 0
mobius/mcp_handlers.go:377.2,378.16 2 0
mobius/mcp_handlers.go:378.16,380.3 1 0
mobius/mcp_handlers.go:381.2,381.87 1 0
mobius/mcp_handlers.go:384.113,387.63 3 0
mobius/mcp_handlers.go:387.63,389.3 1 0
mobius/mcp_handlers.go:390.2,393.16 4 0
mobius/mcp_handlers.go:393.16,395.3 1 0
mobius/mcp_handlers.go:396.2,397.27 2 0
mobius/mcp_handlers.go:397.27,399.3 1 0
mobius/mcp_handlers.go:400.2,400.20 1 0
mobius/mcp_handlers.go:400.20,402.3 1 0
mobius/mcp_handlers.go:403.2,403.71 1 0
mobius/mcp_handlers.go:406.109,408.63 2 0
mobius/mcp_handlers.go:408.63,410.3 1 0
mobius/mcp_handlers.go:411.2,412.16 2 0
mobius/mcp_handlers.go:412.16,414.3 1 0
mobius/mcp_handlers.go:415.2,416.27 2 0
mobius/mcp_handlers.go:416.27,418.3 1 0
mobius/mcp_handlers.go:419.2,419.20 1 0
mobius/mcp_handlers.go:419.20,421.3 1 0
mobius/mcp_handlers.go:422.2,422.71 1 0
mobius/mcp_handlers.go:425.111,428.19 3 0
mobius/mcp_handlers.go:428.19,430.3 1 0
mobius/mcp_handlers.go:431.2,431.49 1 0
mobius/mcp_handlers.go:431.49,433.3 1 0
mobius/mcp_handlers.go:435.2,436.42 2 0
mobius/mcp_handlers.go:436.42,438.3 1 0
mobius/mcp_handlers.go:439.2,440.16 2 0
mobius/mcp_handlers.go:440.16,442.3 1 0
mobius/mcp_handlers.go:444.2,451.49 7 0
mobius/mcp_handlers.go:451.49,453.3 1 0
mobius/mcp_handlers.go:453.8,455.3 1 0
mobius/mcp_handlers.go:456.2,456.20 1 0
mobius/mcp_handlers.go:456.20,458.3 1 0
mobius/mcp_handlers.go:459.2,464.8 1 0
mobius/mcp_handlers.go:467.105,470.16 3 0
mobius/mcp_handlers.go:470.16,472.3 1 0
mobius/mcp_handlers.go:473.2,474.26 2 0
mobius/mcp_handlers.go:474.26,476.24 2 0
mobius/mcp_handlers.go:476.24,478.4 1 0
mobius/mcp_handlers.go:479.3,479.31 1 0
mobius/mcp_handlers.go:481.2,481.20 1 0
mobius/mcp_handlers.go:481.20,483.3 1 0
mobius/mcp_handlers.go:484.2,484.69 1 0
mobius/mcp_handlers.go:487.103,490.18 3 0
mobius/mcp_handlers.go:490.18,492.3 1 0
mobius/mcp_handlers.go:493.2,494.16 2 0
mobius/mcp_handlers.go:494.16,496.3 1 0
mobius/mcp_handlers.go:497.2,497.156 1 0
mobius/mcp_handlers.go:500.111,503.18 3 0
mobius/mcp_handlers.go:503.18,505.3 1 0
mobius/mcp_handlers.go:506.2,506.68 1 0
mobius/mcp_handlers.go:506.68,508.3 1 0
mobius/mcp_handlers.go:509.2,510.41 2 0
mobius/mcp_handlers.go:510.41,512.3 1 0
mobius/mcp_handlers.go:513.2,513.40 1 0
mobius/mcp_handlers.go:513.40,515.3 1 0
mobius/mcp_handlers.go:516.2,516.44 1 0
mobius/mcp_handlers.go:516.44,518.3 1 0
mobius/mcp_handlers.go:519.2,519.47 1 0
mobius/mcp_handlers.go:519.47,521.3 1 0
mobius/mcp_handlers.go:522.2,522.99 1 0
mobius/mcp_handlers.go:522.99,524.3 1 0
mobius/mcp_handlers.go:525.2,525.68 1 0
mobius/mcp_handlers.go:528.117,533.34 5 0
mobius/mcp_handlers.go:533.34,535.3 1 0
mobius/mcp_handlers.go:536.2,536.68 1 0
mobius/mcp_handlers.go:536.68,538.3 1 0
mobius/mcp_handlers.go:539.2,539.99 1 0
mobius/mcp_handlers.go:539.99,541.3 1 0
mobius/mcp_handlers.go:542.2,542.90 1 0
mobius/mcp_handlers.go:545.115,549.35 4 0
mobius/mcp_handlers.go:549.35,551.3 1 0
mobius/mcp_handlers.go:552.2,552.68 1 0
mobius/mcp_handlers.go:552.68,554.3 1 0
mobius/mcp_handlers.go:555.2,555.91 1 0
mobius/mcp_handlers.go:555.91,557.3 1 0
mobius/mcp_handlers.go:558.2,558.70 1 0
mobius/mcp_handlers.go:561.107,563.16 2 0
mobius/mcp_handlers.go:563.16,565.3 1 0
mobius/mcp_handlers.go:566.2,567.30 2 0
mobius/mcp_handlers.go:567.30,569.3 1 0
mobius/mcp_handlers.go:570.2,570.20 1 0
mobius/mcp_handlers.go:570.20,572.3 1 0
mobius/mcp_handlers.go:573.2,573.73 1 0
mobius/mcp_handlers.go:576.107,579.17 3 0
mobius/mcp_handlers.go:579.17,581.3 1 0
mobius/mcp_handlers.go:582.2,583.16 2 0
mobius/mcp_handlers.go:583.16,585.3 1 0
mobius/mcp_handlers.go:586.2,586.150 1 0
mobius/mcp_handlers.go:589.115,592.17 3 0
mobius/mcp_handlers.go:592.17,594.3 1 0
mobius/mcp_handlers.go:595.2,595.68 1 0
mobius/mcp_handlers.go:595.68,597.3 1 0
mobius/mcp_handlers.go:598.2,599.16 2 0
mobius/mcp_handlers.go:599.16,601.3 1 0
mobius/mcp_handlers.go:602.2,602.41 1 0
mobius/mcp_handlers.go:602.41,604.3 1 0
mobius/mcp_handlers.go:605.2,605.45 1 0
mobius/mcp_handlers.go:605.45,607.3 1 0
mobius/mcp_handlers.go:608.2,608.67 1 0
mobius/mcp_handlers.go:608.67,610.3 1 0
mobius/mcp_handlers.go:611.2,611.71 1 0
mobius/mcp_handlers.go:614.106,616.16 2 0
mobius/mcp_handlers.go:616.16,618.3 1 0
mobius/mcp_handlers.go:619.2,620.29 2 0
mobius/mcp_handlers.go:620.29,622.3 1 0
mobius/mcp_handlers.go:623.2,623.20 1 0
mobius/mcp_handlers.go:623.20,625.3 1 0
mobius/mcp_handlers.go:626.2,626.72 1 0
mobius/mcp_handlers.go:629.114,632.16 3 0
mobius/mcp_handlers.go:632.16,634.3 1 0
mobius/mcp_handlers.go:635.2,640.16 2 0
mobius/mcp_handlers.go:640.16,642.3 1 0
mobius/mcp_handlers.go:643.2,643.83 1 0
mobius/mcp_handlers.go:646.114,649.21 3 0
mobius/mcp_handlers.go:649.21,651.3 1 0
mobius/mcp_handlers.go:652.2,652.71 1 0
mobius/mcp_handlers.go:652.71,654.3 1 0
mobius/mcp_handlers.go:655.2,656.47 2 0
mobius/mcp_handlers.go:656.47,658.3 1 0
mobius/mcp_handlers.go:659.2,659.42 1 0
mobius/mcp_handlers.go:659.42,661.3 1 0
mobius/mcp_handlers.go:662.2,662.91 1 0
mobius/mcp_handlers.go:662.91,664.3 1 0
mobius/mcp_handlers.go:665.2,665.74 1 0
mobius/mcp_handlers.go:668.107,669.23 1 0
mobius/mcp_handlers.go:669.23,671.3 1 0
mobius/mcp_handlers.go:672.2,674.16 3 0
mobius/mcp_handlers.go:674.16,676.3 1 0
mobius/mcp_handlers.go:677.2,678.28 2 0
mobius/mcp_handlers.go:678.28,680.3 1 0
mobius/mcp_handlers.go:681.2,681.20 1 0
mobius/mcp_handlers.go:681.20,683.3 1 0
mobius/mcp_handlers.go:684.2,684.71 1 0
mobius/mcp_handlers.go:687.108,688.23 1 0
mobius/mcp_handlers.go:688.23,690.3 1 0
mobius/mcp_handlers.go:691.2,694.34 4 0
mobius/mcp_handlers.go:694.34,696.3 1 0
mobius/mcp_handlers.go:697.2,698.55 2 0
mobius/mcp_handlers.go:698.55,700.3 1 0
mobius/mcp_handlers.go:701.2,701.68 1 0
mobius/mcp_handlers.go:704.108,705.23 1 0
mobius/mcp_handlers.go:705.23,707.3 1 0
mobius/mcp_handlers.go:708.2,710.20 3 0
mobius/mcp_handlers.go:710.20,712.3 1 0
mobius/mcp_handlers.go:713.2,714.16 2 0
mobius/mcp_handlers.go:714.16,716.3 1 0
mobius/mcp_handlers.go:717.2,717.41 1 0
mobius/mcp_handlers.go:717.41,719.3 1 0
mobius/mcp_handlers.go:720.2,720.43 1 0
mobius/mcp_handlers.go:720.43,722.3 1 0
mobius/mcp_handlers.go:723.2,723.55 1 0
mobius/mcp_handlers.go:723.55,725.3 1 0
mobius/mcp_handlers.go:726.2,726.72 1 0
mobius/mcp_handlers.go:729.108,730.23 1 0
mobius/mcp_handlers.go:730.23,732.3 1 0
mobius/mcp_handlers.go:733.2,735.20 3 0
mobius/mcp_handlers.go:735.20,737.3 1 0
mobius/mcp_handlers.go:738.2,738.63 1 0
mobius/mcp_handlers.go:738.63,740.3 1 0
mobius/mcp_handlers.go:741.2,741.72 1 0
mobius/mcp_handlers.go:744.106,745.23 1 0
mobius/mcp_handlers.go:745.23,747.3 1 0
mobius/mcp_handlers.go:748.2,750.16 3 0
mobius/mcp_handlers.go:750.16,752.3 1 0
mobius/mcp_handlers.go:753.2,754.28 2 0
mobius/mcp_handlers.go:754.28,756.3 1 0
mobius/mcp_handlers.go:757.2,757.20 1 0
mobius/mcp_handlers.go:757.20,759.3 1 0
mobius/mcp_handlers.go:760.2,760.70 1 0
mobius/mcp_handlers.go:763.107,767.34 4 0
mobius/mcp_handlers.go:767.34,769.3 1 0
mobius/mcp_handlers.go:770.2,770.68 1 0
mobius/mcp_handlers.go:770.68,772.3 1 0
mobius/mcp_handlers.go:773.2,773.50 1 0
mobius/mcp_handlers.go:776.109,780.34 4 0
mobius/mcp_handlers.go:780.34,782.3 1 0
mobius/mcp_handlers.go:783.2,783.70 1 0
mobius/mcp_handlers.go:783.70,785.3 1 0
mobius/mcp_handlers.go:786.2,786.52 1 0
mobius/mcp_handlers.go:789.108,792.20 3 0
mobius/mcp_handlers.go:792.20,794.3 1 0
mobius/mcp_handlers.go:795.2,795.25 1 0
mobius/mcp_handlers.go:795.25,797.3 1 0
mobius/mcp_handlers.go:799.2,810.62 3 0
mobius/mcp_handlers.go:810.62,812.3 1 0
mobius/mcp_handlers.go:815.2,815.87 1 0
mobius/mcp_handlers.go:815.87,817.3 1 0
mobius/mcp_handlers.go:819.2,823.8 1 0
mobius/mcp_handlers.go:826.113,830.21 4 0
mobius/mcp_handlers.go:830.21,832.3 1 0
mobius/mcp_handlers.go:833.2,833.25 1 0
mobius/mcp_handlers.go:833.25,835.3 1 0
mobius/mcp_handlers.go:837.2,848.62 3 0
mobius/mcp_handlers.go:848.62,850.3 1 0
mobius/mcp_handlers.go:852.2,856.8 1 0
mobius/mcp_ws.go:29.40,31.18 2 1
mobius/mcp_ws.go:31.18,33.3 1 1
mobius/mcp_ws.go:34.2,35.16 2 1
mobius/mcp_ws.go:35.16,37.3 1 1
mobius/mcp_ws.go:38.2,38.22 1 1
mobius/mcp_ws.go:39.39,40.14 1 1
mobius/mcp_ws.go:42.2,42.42 1 1
mobius/mcp_ws.go:52.42,57.2 4 0
mobius/mcp_ws.go:59.31,64.2 4 0
mobius/mcp_ws.go:66.55,67.71 1 0
mobius/mcp_ws.go:67.71,69.17 2 0
mobius/mcp_ws.go:69.17,72.4 2 0
mobius/mcp_ws.go:74.3,75.17 2 0
mobius/mcp_ws.go:75.17,78.4 2 0
mobius/mcp_ws.go:79.3,84.42 5 0
mobius/mcp_ws.go:84.42,87.4 2 0
mobius/mcp_ws.go:92.3,94.13 3 0
mobius/mcp_ws.go:94.13,97.8 3 0
mobius/mcp_ws.go:97.8,98.12 1 0
mobius/mcp_ws.go:99.21,100.38 1 0
mobius/mcp_ws.go:100.38,102.7 1 0
mobius/mcp_ws.go:103.17,104.12 1 0
mobius/mcp_ws.go:109.3,111.7 2 0
mobius/mcp_ws.go:111.7,113.18 2 0
mobius/mcp_ws.go:113.18,114.102 1 0
mobius/mcp_ws.go:114.102,116.6 1 0
mobius/mcp_ws.go:117.5,117.11 1 0
mobius/mcp_ws.go:120.4,121.18 2 0
mobius/mcp_ws.go:121.18,124.5 2 0
mobius/mcp_ws.go:125.4,125.19 1 0
mobius/mcp_ws.go:125.19,126.13 1 0
mobius/mcp_ws.go:129.4,129.41 1 0
mobius/mcp_ws.go:129.41,132.5 2 0
mobius/mcp_ws.go:142.80,144.79 2 0
mobius/mcp_ws.go:144.79,146.3 1 0
mobius/mcp_ws.go:146.8,146.53 1 0
mobius/mcp_ws.go:146.53,148.3 1 0
mobius/mcp_ws.go:150.2,150.17 1 0
mobius/mcp_ws.go:150.17,152.3 1 0
mobius/mcp_ws.go:154.2,155.9 2 0
mobius/mcp_ws.go:155.9,157.3 1 0
mobius/mcp_ws.go:158.2,158.20 1 0
mobius/media_tagging.go:48.53,50.2 1 1
mobius/media_tagging.go:54.125,56.21 2 0
mobius/media_tagging.go:56.21,58.3 1 0
mobius/media_tagging.go:59.2,60.16 2 0
mobius/media_tagging.go:60.16,62.3 1 0
mobius/media_tagging.go:63.2,65.6 3 0
mobius/media_tagging.go:65.6,68.27 3 0
mobius/media_tagging.go:68.27,69.9 1 0
mobius/media_tagging.go:71.3,71.17 1 0
mobius/media_tagging.go:71.17,73.4 1 0
mobius/media_tagging.go:74.3,74.18 1 0
mobius/media_tagging.go:74.18,75.32 1 0
mobius/media_tagging.go:75.32,77.5 1 0
mobius/media_tagging.go:79.3,80.25 2 0
mobius/media_tagging.go:80.25,82.4 1 0
mobius/media_tagging.go:83.3,83.25 1 0
mobius/media_tagging.go:85.2,85.24 1 0
mobius/media_tagging.go:89.73,92.16 3 0
mobius/media_tagging.go:92.16,94.3 1 0
mobius/media_tagging.go:95.2,96.16 2 0
mobius/media_tagging.go:96.16,98.3 1 0
mobius/media_tagging.go:99.2,99.25 1 0
mobius/media_tagging.go:99.25,101.3 1 0
mobius/media_tagging.go:102.2,102.12 1 0
mobius/media_tagging.go:108.67,110.44 2 0
mobius/media_tagging.go:110.44,111.71 1 0
mobius/media_tagging.go:111.71,113.4 1 0
mobius/media_tagging.go:114.3,114.82 1 0
mobius/media_tagging.go:116.2,119.51 2 0
mobius/media_tagging.go:119.51,121.3 1 0
mobius/media_tagging.go:122.2,122.12 1 0
mobius/media_tagging.go:127.50,129.36 2 1
mobius/media_tagging.go:129.36,131.3 1 1
mobius/media_tagging.go:132.2,132.41 1 1
mobius/media_tagging.go:132.41,134.3 1 1
mobius/media_tagging.go:135.2,135.15 1 1
mobius/media_tagging.go:139.90,141.16 2 0
mobius/media_tagging.go:141.16,143.3 1 0
mobius/media_tagging.go:144.2,147.35 2 0
mobius/media_tagging.go:152.70,168.2 1 1
mobius/media_tagging.go:172.102,176.16 4 0
mobius/media_tagging.go:176.16,178.3 1 0
mobius/media_tagging.go:179.2,180.16 2 0
mobius/media_tagging.go:180.16,182.3 1 0
mobius/media_tagging.go:183.2,183.25 1 0
mobius/media_tagging.go:183.25,185.3 1 0
mobius/media_tagging.go:186.2,186.12 1 0
mobius/media_tagging.go:189.88,191.16 2 0
mobius/media_tagging.go:191.16,193.3 1 0
mobius/media_tagging.go:194.2,194.41 1 0
mobius/media_tagging.go:194.41,196.3 1 0
mobius/media_tagging.go:197.2,197.32 1 0
mobius/media_tagging.go:198.13,199.21 1 0
mobius/media_tagging.go:200.11,201.16 1 0
mobius/media_tagging.go:202.10,203.16 1 0
mobius/media_tagging.go:209.39,212.2 2 1
mobius/media_tagging.go:214.100,215.15 1 0
mobius/media_tagging.go:215.15,217.3 1 0
mobius/media_tagging.go:218.2,219.33 2 0
mobius/media_tagging.go:219.33,221.3 1 0
mobius/media_tagging.go:222.2,223.16 2 0
mobius/media_tagging.go:223.16,225.3 1 0
mobius/media_tagging.go:226.2,226.40 1 0
mobius/media_tagging.go:226.40,228.3 1 0
mobius/media_tagging.go:229.2,229.45 1 0
mobius/media_tagging.go:234.147,235.15 1 1
mobius/media_tagging.go:235.15,237.3 1 1
mobius/media_tagging.go:238.2,239.38 2 0
mobius/media_tagging.go:239.38,241.3 1 0
mobius/media_tagging.go:243.2,244.16 2 0
mobius/media_tagging.go:244.16,246.3 1 0
mobius/media_tagging.go:247.2,247.51 1 0
mobius/media_tagging.go:247.51,249.3 1 0
mobius/media_tagging.go:251.2,255.69 4 0
mobius/media_tagging.go:255.69,257.3 1 0
mobius/media_tagging.go:258.2,259.16 2 0
mobius/media_tagging.go:259.16,261.3 1 0
mobius/media_tagging.go:262.2,262.16 1 0
mobius/media_tagging.go:262.16,264.3 1 0
mobius/media_tagging.go:265.2,265.26 1 0
mobius/media_tagging.go:265.26,267.3 1 0
mobius/media_tagging.go:269.2,269.76 1 0
mobius/media_tagging.go:269.76,271.3 1 0
mobius/media_tagging.go:273.2,273.19 1 0
mobius/media_tagging.go:273.19,275.20 2 0
mobius/media_tagging.go:275.20,277.4 1 0
mobius/media_tagging.go:278.3,280.6 1 0
mobius/media_tagging.go:282.2,289.3 2 0
mobius/media_tagging.go:292.64,293.40 1 1
mobius/media_tagging.go:293.40,295.48 2 1
mobius/media_tagging.go:295.48,297.4 1 1
mobius/media_tagging.go:298.3,299.33 2 1
mobius/media_tagging.go:299.33,301.4 1 1
mobius/media_tagging.go:302.3,302.19 1 1
mobius/media_tagging.go:304.2,305.29 2 1
mobius/media_tagging.go:305.29,307.3 1 1
mobius/media_tagging.go:308.2,308.25 1 1
mobius/media_tagging.go:311.99,312.15 1 1
mobius/media_tagging.go:312.15,314.3 1 1
mobius/media_tagging.go:315.2,320.16 5 0
mobius/media_tagging.go:320.16,322.3 1 0
mobius/media_tagging.go:324.2,326.38 3 0
mobius/media_tagging.go:326.38,329.3 2 0
mobius/media_tagging.go:330.2,333.16 3 0
mobius/media_tagging.go:333.16,335.3 1 0
mobius/media_tagging.go:336.2,340.3 1 0
mobius/media_tagging.go:345.55,348.13 3 1
mobius/media_tagging.go:348.13,350.3 1 1
mobius/media_tagging.go:351.2,351.30 1 1
mobius/media_tagging.go:351.30,353.3 1 1
mobius/media_tagging.go:354.2,354.60 1 1
mobius/media_tagging.go:354.60,356.3 1 1
mobius/media_tagging.go:357.2,358.74 2 1
mobius/media_tagging.go:358.74,360.3 1 1
mobius/media_tagging.go:361.2,361.146 1 1
mobius/media_tagging.go:361.146,362.44 1 1
mobius/media_tagging.go:362.44,364.4 1 0
mobius/media_tagging.go:366.2,366.54 1 1
mobius/media_tagging.go:366.54,368.3 1 1
mobius/media_tagging.go:370.2,370.82 1 1
mobius/media_tagging.go:373.95,374.15 1 1
mobius/media_tagging.go:374.15,376.3 1 1
mobius/media_tagging.go:377.2,379.16 3 0
mobius/media_tagging.go:379.16,381.3 1 0
mobius/media_tagging.go:382.2,383.16 2 0
mobius/media_tagging.go:383.16,385.3 1 0
mobius/media_tagging.go:386.2,390.3 1 0
mobius/media_tagging.go:393.63,395.25 2 0
mobius/media_tagging.go:395.25,397.26 2 0
mobius/media_tagging.go:397.26,398.18 1 0
mobius/media_tagging.go:398.18,400.5 1 0
mobius/media_tagging.go:402.3,402.23 1 0
mobius/media_tagging.go:404.2,404.12 1 0
mobius/media_tagging.go:409.31,410.23 1 0
mobius/media_tagging.go:411.24,413.23 2 0
mobius/media_tagging.go:413.23,415.4 1 0
mobius/media_tagging.go:416.3,416.13 1 0
mobius/media_tagging.go:417.17,418.32 1 0
mobius/media_tagging.go:419.10,420.11 1 0
mobius/memory.go:17.61,20.19 3 1
mobius/memory.go:20.19,22.3 1 1
mobius/memory.go:23.2,23.21 1 1
mobius/memory.go:23.21,24.37 1 1
mobius/memory.go:24.37,25.53 1 1
mobius/memory.go:25.53,27.10 2 1
mobius/memory.go:31.2,31.16 1 1
mobius/memory.go:34.57,35.22 1 1
mobius/memory.go:35.22,37.3 1 1
mobius/memory.go:38.2,38.50 1 1
mobius/memory.go:41.38,42.40 1 1
mobius/memory.go:42.40,44.3 1 1
mobius/memory.go:45.2,45.20 1 1
mobius/memory.go:45.20,47.3 1 1
mobius/memory.go:48.2,58.4 2 1
mobius/memory.go:58.4,59.39 1 1
mobius/memory.go:59.39,61.4 1 1
mobius/memory.go:63.2,63.13 1 1
mobius/memory.go:67.68,68.35 1 0
mobius/memory.go:68.35,70.3 1 0
mobius/memory.go:72.2,74.19 3 0
mobius/memory.go:74.19,76.3 1 0
mobius/memory.go:77.2,78.21 2 0
mobius/memory.go:78.21,80.3 1 0
mobius/memory.go:82.2,105.26 4 0
mobius/memory.go:105.27,105.28 0 0
mobius/memory.go:108.2,109.88 2 0
mobius/memory.go:109.88,111.3 1 0
mobius/memory.go:113.2,114.51 2 0
mobius/memory.go:114.51,117.3 2 0
mobius/memory.go:117.8,117.29 1 0
mobius/memory.go:117.29,119.3 1 0
mobius/pg.go:26.47,28.2 1 0
mobius/pg.go:32.65,33.24 1 0
mobius/pg.go:33.24,35.3 1 0
mobius/pg.go:36.2,37.16 2 0
mobius/pg.go:37.16,40.3 2 0
mobius/pg.go:41.2,41.54 1 0
mobius/pg.go:41.54,43.3 1 0
mobius/pg.go:50.68,51.24 1 0
mobius/pg.go:51.24,53.3 1 0
mobius/pg.go:54.2,55.16 2 0
mobius/pg.go:55.16,58.3 2 0
mobius/pg.go:59.2,59.57 1 0
mobius/pg.go:59.57,61.3 1 0
mobius/pg.go:64.78,69.16 3 0
mobius/pg.go:69.16,71.3 1 0
mobius/pg.go:73.2,73.39 1 0
mobius/pg.go:73.39,76.3 2 0
mobius/pg.go:78.2,79.45 2 0
mobius/pg.go:82.34,84.2 1 0
mobius/pg.go:86.53,88.2 1 0
mobius/pg.go:93.47,94.18 1 0
mobius/pg.go:94.18,96.3 1 0
mobius/pg.go:97.2,105.10 2 0
mobius/pg.go:114.134,121.16 3 0
mobius/pg.go:121.16,123.3 1 0
mobius/pg.go:124.2,124.16 1 0
mobius/pg.go:129.148,131.18 2 0
mobius/pg.go:131.18,133.3 1 0
mobius/pg.go:134.2,139.16 2 0
mobius/pg.go:139.16,141.3 1 0
mobius/pg.go:142.2,142.12 1 0
mobius/pg.go:148.79,154.16 2 0
mobius/pg.go:154.16,156.3 1 0
mobius/pg.go:157.2,157.32 1 0
mobius/pg.go:160.29,162.2 1 0
mobius/pg.go:164.74,171.16 2 0
mobius/pg.go:171.16,173.3 1 0
mobius/pg.go:175.2,176.16 2 0
mobius/pg.go:176.16,178.3 1 0
mobius/pg.go:180.2,181.28 2 0
mobius/pg.go:181.28,182.56 1 0
mobius/pg.go:182.56,184.4 1 0
mobius/pg.go:186.2,189.29 3 0
mobius/pg.go:189.29,192.17 3 0
mobius/pg.go:192.17,194.4 1 0
mobius/pg.go:195.3,195.13 1 0
mobius/pg.go:195.13,196.12 1 0
mobius/pg.go:199.3,200.17 2 0
mobius/pg.go:200.17,202.4 1 0
mobius/pg.go:204.3,205.17 2 0
mobius/pg.go:205.17,207.4 1 0
mobius/pg.go:209.3,209.54 1 0
mobius/pg.go:209.54,212.4 2 0
mobius/pg.go:214.3,214.102 1 0
mobius/pg.go:214.102,217.4 2 0
mobius/pg.go:219.3,219.40 1 0
mobius/pg.go:219.40,221.4 1 0
mobius/pg.go:223.3,224.50 2 0
mobius/pg.go:227.2,227.17 1 0
mobius/pg.go:227.17,229.3 1 0
mobius/pg.go:230.2,230.12 1 0
mobius/playable_preview_handlers.go:10.88,12.2 1 1
mobius/playable_preview_handlers.go:14.87,18.22 3 1
mobius/playable_preview_handlers.go:18.22,21.3 2 0
mobius/playable_preview_handlers.go:23.2,24.23 2 1
mobius/playable_preview_handlers.go:24.23,26.3 1 0
mobius/playable_preview_handlers.go:28.2,30.37 3 1
mobius/playable_preview_handlers.go:30.37,34.3 3 1
mobius/playable_preview_handlers.go:36.2,38.19 2 1
mobius/playable_preview_handlers.go:38.19,40.3 1 1
mobius/playable_preview_handlers.go:42.2,45.16 3 1
mobius/playable_preview_handlers.go:45.16,48.3 2 0
mobius/playable_preview_handlers.go:49.2,50.16 2 1
mobius/playable_preview_handlers.go:50.16,53.3 2 0
mobius/playable_preview_handlers.go:55.2,55.46 1 1
mobius/playable_preview_handlers.go:55.46,58.3 2 0
mobius/playable_preview_handlers.go:60.2,60.33 1 1
mobius/projects.go:28.38,29.22 1 0
mobius/projects.go:29.22,31.3 1 0
mobius/projects.go:32.2,40.26 4 0
mobius/projects.go:40.26,41.51 1 0
mobius/projects.go:41.51,43.4 1 0
mobius/projects.go:45.2,45.13 1 0
mobius/projects.go:50.63,51.28 1 0
mobius/projects.go:51.28,53.3 1 0
mobius/projects.go:54.2,55.16 2 0
mobius/projects.go:55.16,57.3 1 0
mobius/projects.go:58.2,60.16 3 0
mobius/projects.go:60.16,62.3 1 0
mobius/projects.go:63.2,63.46 1 0
mobius/projects.go:66.42,67.20 1 1
mobius/projects.go:67.20,69.3 1 1
mobius/projects.go:70.2,71.36 2 1
mobius/projects.go:76.55,79.2 2 0
mobius/projects.go:134.47,135.25 1 1
mobius/projects.go:135.25,137.3 1 1
mobius/projects.go:138.2,138.56 1 1
mobius/projects.go:141.42,143.2 1 0
mobius/projects.go:145.60,146.14 1 1
mobius/projects.go:146.14,147.38 1 1
mobius/projects.go:147.38,149.4 1 1
mobius/projects.go:150.8,151.40 1 1
mobius/projects.go:151.40,153.4 1 1
mobius/projects.go:155.2,155.12 1 1
mobius/projects.go:158.53,159.34 1 1
mobius/projects.go:159.34,161.3 1 1
mobius/projects.go:165.2,165.55 1 1
mobius/projects.go:165.55,166.18 1 1
mobius/projects.go:166.18,168.4 1 1
mobius/projects.go:170.2,171.84 2 1
mobius/projects.go:171.84,173.3 1 0
mobius/projects.go:174.2,174.12 1 1
mobius/projects.go:181.58,182.49 1 1
mobius/projects.go:182.49,184.3 1 1
mobius/projects.go:185.2,188.16 3 1
mobius/projects.go:188.16,190.3 1 0
mobius/projects.go:193.2,194.6 2 1
mobius/projects.go:194.6,195.59 1 1
mobius/projects.go:195.59,197.9 2 1
mobius/projects.go:199.3,200.22 2 1
mobius/projects.go:200.22,202.9 2 0
mobius/projects.go:204.3,204.17 1 1
mobius/projects.go:207.2,207.97 1 1
mobius/projects.go:207.97,209.3 1 1
mobius/projects.go:210.2,210.18 1 1
mobius/projects.go:213.58,215.66 2 1
mobius/projects.go:215.66,217.3 1 1
mobius/projects.go:218.2,219.13 2 1
mobius/projects.go:220.41,221.29 1 1
mobius/projects.go:222.15,223.28 1 1
mobius/projects.go:224.23,225.28 1 0
mobius/projects.go:226.13,227.25 1 1
mobius/projects.go:228.14,229.22 1 0
mobius/projects.go:230.15,231.21 1 0
mobius/projects.go:232.14,233.20 1 0
mobius/projects.go:234.14,235.22 1 0
mobius/projects.go:236.14,237.27 1 0
mobius/projects.go:239.2,239.35 1 1
mobius/projects.go:242.50,243.9 1 1
mobius/projects.go:244.58,245.16 1 1
mobius/projects.go:249.36,250.16 1 1
mobius/projects.go:251.62,252.20 1 1
mobius/projects.go:253.37,254.15 1 1
mobius/projects.go:255.45,256.17 1 1
mobius/projects.go:257.45,258.17 1 1
mobius/projects.go:259.45,260.17 1 1
mobius/projects.go:261.10,262.18 1 1
mobius/projects.go:266.47,268.2 1 1
mobius/projects.go:272.89,283.18 3 0
mobius/projects.go:283.18,286.3 2 0
mobius/projects.go:287.2,290.16 3 0
mobius/projects.go:290.16,292.3 1 0
mobius/projects.go:293.2,296.18 3 0
mobius/projects.go:296.18,304.17 3 0
mobius/projects.go:304.17,306.4 1 0
mobius/projects.go:307.3,307.21 1 0
mobius/projects.go:307.21,309.4 1 0
mobius/projects.go:310.3,310.20 1 0
mobius/projects.go:310.20,312.4 1 0
mobius/projects.go:313.3,313.33 1 0
mobius/projects.go:315.2,315.21 1 0
mobius/projects.go:315.21,317.3 1 0
mobius/projects.go:318.2,318.22 1 0
mobius/projects.go:321.82,339.16 4 0
mobius/projects.go:339.16,341.3 1 0
mobius/projects.go:342.2,342.20 1 0
mobius/projects.go:342.20,344.3 1 0
mobius/projects.go:345.2,345.19 1 0
mobius/projects.go:345.19,347.3 1 0
mobius/projects.go:348.2,348.16 1 0
mobius/projects.go:351.90,354.16 3 0
mobius/projects.go:354.16,356.3 1 0
mobius/projects.go:357.2,357.31 1 0
mobius/projects.go:375.110,377.63 2 0
mobius/projects.go:377.63,379.3 1 0
mobius/projects.go:381.2,383.14 2 0
mobius/projects.go:383.14,384.38 1 0
mobius/projects.go:384.38,386.4 1 0
mobius/projects.go:387.3,388.34 2 0
mobius/projects.go:388.34,390.4 1 0
mobius/projects.go:391.8,392.56 1 0
mobius/projects.go:392.56,394.4 1 0
mobius/projects.go:397.2,398.22 2 0
mobius/projects.go:398.22,400.3 1 0
mobius/projects.go:401.2,402.17 2 0
mobius/projects.go:402.17,404.3 1 0
mobius/projects.go:406.2,411.92 2 0
mobius/projects.go:411.92,413.3 1 0
mobius/projects.go:415.2,415.14 1 0
mobius/projects.go:415.14,418.3 2 0
mobius/projects.go:418.8,420.49 2 0
mobius/projects.go:420.49,422.4 1 0
mobius/projects.go:425.2,428.55 3 0
mobius/projects.go:428.55,431.3 2 0
mobius/projects.go:433.2,434.31 2 0
mobius/projects.go:437.60,442.32 4 0
mobius/projects.go:442.32,443.40 1 0
mobius/projects.go:443.40,445.4 1 0
mobius/projects.go:447.2,447.21 1 0
mobius/projects.go:447.21,449.3 1 0
mobius/projects.go:451.2,452.16 2 0
mobius/projects.go:452.16,454.3 1 0
mobius/projects.go:455.2,457.59 2 0
mobius/projects.go:457.59,459.3 1 0
mobius/projects.go:460.2,460.30 1 0
mobius/projects.go:460.30,462.3 1 0
mobius/projects.go:465.108,470.17 4 0
mobius/projects.go:470.17,474.3 3 0
mobius/projects.go:475.2,475.24 1 0
mobius/projects.go:475.24,479.3 3 0
mobius/projects.go:480.2,480.19 1 0
mobius/projects.go:480.19,484.3 3 0
mobius/projects.go:486.2,486.20 1 0
mobius/projects.go:486.20,488.3 1 0
mobius/projects.go:490.2,493.61 3 0
mobius/projects.go:493.61,495.3 1 0
mobius/projects.go:496.2,497.12 2 0
mobius/projects.go:500.73,502.16 2 0
mobius/projects.go:502.16,504.3 1 0
mobius/projects.go:505.2,505.12 1 0
mobius/projects.go:508.86,512.2 2 0
mobius/projects.go:516.62,523.16 6 0
mobius/projects.go:523.16,525.3 1 0
mobius/projects.go:526.2,526.24 1 0
mobius/projects.go:531.75,532.23 1 0
mobius/projects.go:532.23,535.3 2 0
mobius/projects.go:536.2,538.16 3 0
mobius/projects.go:538.16,541.3 2 0
mobius/projects.go:543.2,543.23 1 0
mobius/projects.go:543.23,544.27 1 0
mobius/projects.go:544.27,546.19 2 0
mobius/projects.go:546.19,548.5 1 0
mobius/projects.go:552.2,552.24 1 0
mobius/projects.go:555.80,556.23 1 0
mobius/projects.go:556.23,559.3 2 0
mobius/projects.go:560.2,562.16 3 0
mobius/projects.go:562.16,565.3 2 0
mobius/projects.go:567.2,567.23 1 0
mobius/projects.go:567.23,569.18 2 0
mobius/projects.go:569.18,571.4 1 0
mobius/projects.go:574.2,574.17 1 0
mobius/projects.go:577.76,578.23 1 0
mobius/projects.go:578.23,581.3 2 0
mobius/projects.go:583.2,590.62 2 0
mobius/projects.go:590.62,593.3 2 0
mobius/projects.go:594.2,594.21 1 0
mobius/projects.go:594.21,597.3 2 0
mobius/projects.go:599.2,606.16 2 0
mobius/projects.go:606.16,609.3 2 0
mobius/projects.go:611.2,614.20 3 0
mobius/projects.go:617.76,618.23 1 0
mobius/projects.go:618.23,621.3 2 0
mobius/projects.go:623.2,625.16 3 0
mobius/projects.go:625.16,628.3 2 0
mobius/projects.go:630.2,635.62 2 0
mobius/projects.go:635.62,638.3 2 0
mobius/projects.go:640.2,640.52 1 0
mobius/projects.go:640.52,643.3 2 0
mobius/projects.go:646.2,646.102 1 0
mobius/projects.go:646.102,649.3 2 0
mobius/projects.go:651.2,652.17 2 0
mobius/projects.go:655.85,656.23 1 0
mobius/projects.go:656.23,659.3 2 0
mobius/projects.go:661.2,663.16 3 0
mobius/projects.go:663.16,665.3 1 0
mobius/projects.go:666.2,666.43 1 0
mobius/projects.go:666.43,669.3 2 0
mobius/projects.go:671.2,672.16 2 0
mobius/projects.go:672.16,675.3 2 0
mobius/projects.go:677.2,683.76 5 0
mobius/projects.go:683.76,687.3 3 0
mobius/projects.go:691.2,692.124 2 0
mobius/projects.go:692.124,693.19 1 0
mobius/projects.go:693.19,695.30 2 0
mobius/projects.go:695.30,697.5 1 0
mobius/projects.go:699.3,699.15 1 0
mobius/projects.go:702.2,703.18 2 0
mobius/projects.go:703.18,706.3 2 0
mobius/projects.go:707.2,708.119 2 0
mobius/projects.go:708.119,711.3 2 0
mobius/projects.go:712.2,712.97 1 0
mobius/projects.go:712.97,715.3 2 0
mobius/projects.go:716.2,716.50 1 0
mobius/projects.go:716.50,719.3 2 0
mobius/projects.go:721.2,725.23 2 0
mobius/projects.go:725.23,726.76 1 0
mobius/projects.go:726.76,728.4 1 0
mobius/projects.go:729.3,729.57 1 0
mobius/projects.go:732.2,732.38 1 0
mobius/projects.go:732.38,734.3 1 0
mobius/projects.go:736.2,736.24 1 0
mobius/projects.go:736.24,739.3 2 0
mobius/projects.go:741.2,742.44 2 0
mobius/projects.go:742.44,743.32 1 0
mobius/projects.go:743.32,745.4 1 0
mobius/projects.go:745.9,749.4 3 0
mobius/projects.go:752.2,753.74 2 0
mobius/projects.go:756.102,758.16 2 1
mobius/projects.go:758.16,760.3 1 0
mobius/projects.go:761.2,767.16 5 1
mobius/projects.go:767.16,769.3 1 0
mobius/projects.go:770.2,771.16 2 1
mobius/projects.go:771.16,773.3 1 0
mobius/projects.go:774.2,777.23 3 1
mobius/projects.go:777.23,779.3 1 0
mobius/projects.go:780.2,780.20 1 1
mobius/projects.go:780.20,782.52 2 0
mobius/projects.go:782.52,784.4 1 0
mobius/projects.go:784.9,786.4 1 0
mobius/projects.go:789.2,789.23 1 1
mobius/projects.go:789.23,791.22 2 0
mobius/projects.go:791.22,793.60 2 0
mobius/projects.go:793.60,795.5 1 0
mobius/projects.go:795.10,797.5 1 0
mobius/projects.go:801.2,802.44 2 1
mobius/projects.go:802.44,803.80 1 1
mobius/projects.go:803.80,804.19 1 1
mobius/projects.go:804.19,806.5 1 0
mobius/projects.go:807.4,807.100 1 1
mobius/projects.go:807.100,808.21 1 1
mobius/projects.go:808.21,810.6 1 1
mobius/projects.go:811.5,811.15 1 1
mobius/projects.go:813.4,813.20 1 1
mobius/projects.go:813.20,815.5 1 1
mobius/projects.go:816.4,818.19 3 1
mobius/projects.go:818.19,821.5 2 0
mobius/projects.go:822.4,823.19 2 1
mobius/projects.go:823.19,825.5 1 0
mobius/projects.go:826.4,828.14 3 1
mobius/projects.go:832.2,832.12 1 1
mobius/projects.go:837.79,838.23 1 0
mobius/projects.go:838.23,841.3 2 0
mobius/projects.go:842.2,844.16 3 0
mobius/projects.go:844.16,847.3 2 0
mobius/projects.go:848.2,849.53 2 0
mobius/projects.go:852.82,853.23 1 0
mobius/projects.go:853.23,856.3 2 0
mobius/projects.go:857.2,859.16 3 0
mobius/projects.go:859.16,862.3 2 0
mobius/projects.go:864.2,867.62 2 0
mobius/projects.go:867.62,870.3 2 0
mobius/projects.go:872.2,877.77 5 0
mobius/projects.go:877.77,880.3 2 0
mobius/projects.go:881.2,881.49 1 0
mobius/projects.go:886.80,887.23 1 0
mobius/projects.go:887.23,890.3 2 0
mobius/projects.go:891.2,896.16 5 0
mobius/projects.go:896.16,899.3 2 0
mobius/projects.go:900.2,900.22 1 0
mobius/projects.go:905.76,906.23 1 0
mobius/projects.go:906.23,909.3 2 0
mobius/projects.go:910.2,923.16 4 0
mobius/projects.go:923.16,926.3 2 0
mobius/projects.go:927.2,927.22 1 0
mobius/projects.go:931.79,932.23 1 0
mobius/projects.go:932.23,935.3 2 0
mobius/projects.go:936.2,937.16 2 0
mobius/projects.go:937.16,940.3 2 0
mobius/projects.go:941.2,941.20 1 0
mobius/projects.go:944.81,945.44 1 0
mobius/projects.go:945.44,948.3 2 0
mobius/projects.go:950.2,952.16 3 0
mobius/projects.go:952.16,955.3 2 0
mobius/projects.go:957.2,959.67 3 0
mobius/projects.go:959.67,962.3 2 0
mobius/projects.go:964.2,965.16 2 0
mobius/projects.go:965.16,968.3 2 0
mobius/projects.go:969.2,972.24 3 0
mobius/projects.go:972.24,974.3 1 0
mobius/projects.go:975.2,977.16 3 0
mobius/projects.go:977.16,980.3 2 0
mobius/projects.go:981.2,984.16 3 0
mobius/projects.go:984.16,987.3 2 0
mobius/projects.go:988.2,988.46 1 0
mobius/projects.go:988.46,992.3 3 0
mobius/projects.go:993.2,996.16 3 0
mobius/projects.go:996.16,998.3 1 0
mobius/projects.go:1000.2,1004.41 5 0
mobius/projects.go:1004.41,1006.24 2 0
mobius/projects.go:1006.24,1009.4 2 0
mobius/projects.go:1009.9,1011.4 1 0
mobius/projects.go:1014.2,1037.73 3 0
mobius/projects.go:1037.73,1040.3 2 0
mobius/projects.go:1042.2,1042.24 1 0
mobius/projects.go:1042.24,1044.3 1 0
mobius/projects.go:1046.2,1046.37 1 0
mobius/projects.go:1046.37,1048.3 1 0
mobius/projects.go:1050.2,1052.21 3 0
mobius/projects.go:1064.89,1065.82 1 0
mobius/projects.go:1065.82,1067.3 1 0
mobius/projects.go:1068.2,1073.101 2 0
mobius/projects.go:1073.101,1075.3 1 0
mobius/projects.go:1076.2,1077.16 2 0
mobius/projects.go:1077.16,1079.3 1 0
mobius/projects.go:1080.2,1081.15 2 0
mobius/projects.go:1087.77,1088.44 1 0
mobius/projects.go:1088.44,1091.3 2 0
mobius/projects.go:1092.2,1092.24 1 0
mobius/projects.go:1092.24,1095.3 2 0
mobius/projects.go:1097.2,1098.16 2 0
mobius/projects.go:1098.16,1101.3 2 0
mobius/projects.go:1103.2,1105.67 3 0
mobius/projects.go:1105.67,1108.3 2 0
mobius/projects.go:1110.2,1111.16 2 0
mobius/projects.go:1111.16,1114.3 2 0
mobius/projects.go:1115.2,1119.16 4 0
mobius/projects.go:1119.16,1122.3 2 0
mobius/projects.go:1123.2,1126.16 3 0
mobius/projects.go:1126.16,1129.3 2 0
mobius/projects.go:1130.2,1130.46 1 0
mobius/projects.go:1130.46,1134.3 3 0
mobius/projects.go:1135.2,1163.17 8 0
mobius/projects.go:1163.17,1166.3 2 0
mobius/projects.go:1167.2,1169.17 3 0
mobius/projects.go:1169.17,1172.3 2 0
mobius/projects.go:1173.2,1176.73 3 0
mobius/projects.go:1176.73,1179.3 2 0
mobius/projects.go:1181.2,1183.21 3 0
mobius/projects.go:1186.120,1190.21 4 0
mobius/projects.go:1190.21,1192.3 1 0
mobius/projects.go:1194.2,1202.26 2 0
mobius/projects.go:1202.27,1202.28 0 0
mobius/projects.go:1204.2,1205.32 2 0
mobius/projects.go:1205.32,1207.3 1 0
mobius/projects.go:1208.2,1209.51 2 0
mobius/projects.go:1209.51,1211.3 1 0
mobius/projects.go:1212.2,1213.89 2 0
mobius/projects.go:1216.125,1222.16 5 0
mobius/projects.go:1222.16,1225.3 2 0
mobius/projects.go:1226.2,1230.59 3 0
mobius/projects.go:1230.59,1231.18 1 0
mobius/projects.go:1231.18,1235.4 3 0
mobius/projects.go:1236.3,1237.18 2 0
mobius/projects.go:1237.18,1240.4 2 0
mobius/projects.go:1241.3,1241.94 1 0
mobius/projects.go:1243.2,1244.72 2 0
mobius/projects.go:1247.78,1248.23 1 0
mobius/projects.go:1248.23,1251.3 2 0
mobius/projects.go:1252.2,1254.16 3 0
mobius/projects.go:1254.16,1257.3 2 0
mobius/projects.go:1258.2,1258.21 1 0
mobius/projects.go:1264.85,1265.44 1 0
mobius/projects.go:1265.44,1268.3 2 0
mobius/projects.go:1269.2,1273.48 4 0
mobius/projects.go:1273.48,1276.3 2 0
mobius/projects.go:1278.2,1279.16 2 0
mobius/projects.go:1279.16,1282.3 2 0
mobius/projects.go:1284.2,1285.16 2 0
mobius/projects.go:1285.16,1288.3 2 0
mobius/projects.go:1290.2,1291.16 2 0
mobius/projects.go:1291.16,1294.39 1 0
mobius/projects.go:1294.39,1296.4 1 0
mobius/projects.go:1297.3,1298.9 2 0
mobius/projects.go:1300.2,1303.16 3 0
mobius/projects.go:1303.16,1306.3 2 0
mobius/projects.go:1308.2,1308.26 1 0
mobius/projects.go:1308.26,1310.3 1 0
mobius/projects.go:1311.2,1311.60 1 0
mobius/projects.go:1317.106,1318.46 1 0
mobius/projects.go:1318.46,1320.3 1 0
mobius/projects.go:1321.2,1322.16 2 0
mobius/projects.go:1322.16,1324.3 1 0
mobius/projects.go:1325.2,1329.84 4 0
mobius/projects.go:1329.84,1332.3 2 0
mobius/projects.go:1333.2,1334.16 2 0
mobius/projects.go:1334.16,1336.3 1 0
mobius/projects.go:1337.2,1339.16 3 0
mobius/projects.go:1339.16,1341.3 1 0
mobius/projects.go:1342.2,1342.26 1 0
mobius/projects.go:1342.26,1344.3 1 0
mobius/projects.go:1345.2,1346.13 2 0
mobius/projects.go:1353.82,1354.44 1 0
mobius/projects.go:1354.44,1357.3 2 0
mobius/projects.go:1358.2,1362.16 4 0
mobius/projects.go:1362.16,1365.3 2 0
mobius/projects.go:1366.2,1367.48 2 0
mobius/projects.go:1367.48,1370.3 2 0
mobius/projects.go:1374.2,1374.33 1 0
mobius/projects.go:1374.33,1375.25 1 0
mobius/projects.go:1375.25,1378.4 2 0
mobius/projects.go:1379.3,1380.18 2 0
mobius/projects.go:1380.18,1383.4 2 0
mobius/projects.go:1384.3,1385.18 2 0
mobius/projects.go:1385.18,1388.4 2 0
mobius/projects.go:1389.3,1391.18 3 0
mobius/projects.go:1391.18,1394.4 2 0
mobius/projects.go:1395.3,1396.29 2 0
mobius/projects.go:1399.2,1400.31 2 0
mobius/projects.go:1400.31,1401.22 1 0
mobius/projects.go:1401.22,1403.9 2 0
mobius/projects.go:1406.2,1406.18 1 0
mobius/projects.go:1406.18,1408.3 1 0
mobius/projects.go:1409.2,1409.24 1 0
mobius/projects.go:1409.24,1411.3 1 0
mobius/projects.go:1412.2,1412.23 1 0
mobius/projects.go:1412.23,1414.3 1 0
mobius/projects.go:1415.2,1415.29 1 0
mobius/projects.go:1415.29,1417.3 1 0
mobius/projects.go:1418.2,1420.73 2 0
mobius/projects.go:1420.73,1423.3 2 0
mobius/projects.go:1424.2,1425.21 2 0
mobius/projects.go:1430.81,1431.23 1 0
mobius/projects.go:1431.23,1434.3 2 0
mobius/projects.go:1435.2,1439.48 4 0
mobius/projects.go:1439.48,1442.3 2 0
mobius/projects.go:1444.2,1450.62 2 0
mobius/projects.go:1450.62,1453.3 2 0
mobius/projects.go:1454.2,1454.23 1 0
mobius/projects.go:1454.23,1456.3 1 0
mobius/projects.go:1457.2,1457.29 1 0
mobius/projects.go:1457.29,1459.3 1 0
mobius/projects.go:1460.2,1460.24 1 0
mobius/projects.go:1460.24,1462.3 1 0
mobius/projects.go:1463.2,1463.22 1 0
mobius/projects.go:1463.22,1465.3 1 0
mobius/projects.go:1466.2,1468.73 2 0
mobius/projects.go:1468.73,1471.3 2 0
mobius/projects.go:1472.2,1472.21 1 0
mobius/projects.go:1475.81,1476.44 1 0
mobius/projects.go:1476.44,1479.3 2 0
mobius/projects.go:1480.2,1484.16 4 0
mobius/projects.go:1484.16,1487.3 2 0
mobius/projects.go:1488.2,1489.16 2 0
mobius/projects.go:1489.16,1492.3 2 0
mobius/projects.go:1494.2,1497.62 2 0
mobius/projects.go:1497.62,1500.3 2 0
mobius/projects.go:1502.2,1503.75 2 0
mobius/projects.go:1503.75,1506.3 2 0
mobius/projects.go:1508.2,1511.32 4 0
mobius/projects.go:1511.32,1514.3 2 0
mobius/projects.go:1516.2,1523.21 7 0
mobius/projects.go:1526.81,1527.23 1 0
mobius/projects.go:1527.23,1530.3 2 0
mobius/projects.go:1531.2,1534.16 3 0
mobius/projects.go:1534.16,1537.3 2 0
mobius/projects.go:1539.2,1539.76 1 0
mobius/projects.go:1539.76,1542.3 2 0
mobius/projects.go:1544.2,1544.46 1 0
mobius/projects.go:1544.46,1546.3 1 0
mobius/projects.go:1548.2,1548.23 1 0
mobius/projects.go:1548.23,1550.18 2 0
mobius/projects.go:1550.18,1552.70 2 0
mobius/projects.go:1552.70,1554.5 1 0
mobius/projects.go:1558.2,1559.49 2 0
mobius/projects.go:1562.83,1563.44 1 0
mobius/projects.go:1563.44,1566.3 2 0
mobius/projects.go:1568.2,1570.16 3 0
mobius/projects.go:1570.16,1573.3 2 0
mobius/projects.go:1575.2,1579.79 2 0
mobius/projects.go:1579.79,1581.3 1 0
mobius/projects.go:1582.2,1584.79 2 0
mobius/projects.go:1584.79,1585.18 1 0
mobius/projects.go:1585.18,1587.4 1 0
mobius/projects.go:1588.3,1588.64 1 0
mobius/projects.go:1588.64,1589.20 1 0
mobius/projects.go:1589.20,1591.5 1 0
mobius/projects.go:1592.4,1592.14 1 0
mobius/projects.go:1594.3,1594.19 1 0
mobius/projects.go:1594.19,1596.4 1 0
mobius/projects.go:1597.3,1598.68 2 0
mobius/projects.go:1598.68,1600.4 1 0
mobius/projects.go:1602.3,1603.18 2 0
mobius/projects.go:1603.18,1605.4 1 0
mobius/projects.go:1607.3,1613.26 6 0
mobius/projects.go:1613.26,1615.26 2 0
mobius/projects.go:1615.26,1618.5 2 0
mobius/projects.go:1618.10,1620.5 1 0
mobius/projects.go:1623.3,1641.62 3 0
mobius/projects.go:1641.62,1643.39 2 0
mobius/projects.go:1643.39,1645.5 1 0
mobius/projects.go:1647.3,1647.13 1 0
mobius/projects.go:1650.2,1651.50 2 0
mobius/prompts.go:31.71,37.16 3 0
mobius/prompts.go:37.16,39.3 1 0
mobius/prompts.go:40.2,42.19 2 0
mobius/prompts.go:42.19,44.3 1 0
mobius/prompts.go:45.2,45.12 1 0
mobius/prompts.go:48.80,52.16 2 0
mobius/prompts.go:52.16,54.3 1 0
mobius/prompts.go:55.2,57.19 2 0
mobius/prompts.go:57.19,59.3 1 0
mobius/prompts.go:61.2,64.66 2 0
mobius/prompts.go:64.66,66.3 1 0
mobius/prompts.go:67.2,67.28 1 0
mobius/prompts.go:70.88,72.17 2 0
mobius/prompts.go:72.17,78.3 1 0
mobius/prompts.go:78.8,81.27 3 0
mobius/prompts.go:81.27,83.4 1 0
mobius/prompts.go:84.3,96.4 2 0
mobius/prompts.go:99.2,105.16 3 0
mobius/prompts.go:105.16,107.3 1 0
mobius/prompts.go:108.2,110.19 2 0
mobius/prompts.go:110.19,112.3 1 0
mobius/prompts.go:114.2,121.66 2 0
mobius/prompts.go:121.66,123.3 1 0
mobius/prompts.go:125.2,126.39 2 0
mobius/prompts.go:126.39,128.3 1 0
mobius/prompts.go:129.2,129.21 1 0
mobius/prompts.go:132.72,136.16 2 0
mobius/prompts.go:136.16,138.3 1 0
mobius/prompts.go:139.2,141.19 2 0
mobius/prompts.go:141.19,143.3 1 0
mobius/prompts.go:144.2,144.12 1 0
mobius/prompts.go:149.74,150.23 1 0
mobius/prompts.go:150.23,153.3 2 0
mobius/prompts.go:155.2,157.16 3 0
mobius/prompts.go:157.16,160.3 2 0
mobius/prompts.go:161.2,161.23 1 0
mobius/prompts.go:164.72,165.23 1 0
mobius/prompts.go:165.23,168.3 2 0
mobius/prompts.go:170.2,172.16 3 0
mobius/prompts.go:172.16,175.3 2 0
mobius/prompts.go:176.2,176.22 1 0
mobius/prompts.go:179.75,180.23 1 0
mobius/prompts.go:180.23,183.3 2 0
mobius/prompts.go:185.2,190.62 2 0
mobius/prompts.go:190.62,193.3 2 0
mobius/prompts.go:194.2,194.44 1 0
mobius/prompts.go:194.44,197.3 2 0
mobius/prompts.go:199.2,208.19 3 0
mobius/prompts.go:208.19,210.3 1 0
mobius/prompts.go:212.2,212.63 1 0
mobius/prompts.go:212.63,215.3 2 0
mobius/prompts.go:217.2,218.17 2 0
mobius/prompts.go:221.75,222.23 1 0
mobius/prompts.go:222.23,225.3 2 0
mobius/prompts.go:227.2,229.16 3 0
mobius/prompts.go:229.16,232.3 2 0
mobius/prompts.go:234.2,239.62 2 0
mobius/prompts.go:239.62,242.3 2 0
mobius/prompts.go:244.2,244.22 1 0
mobius/prompts.go:244.22,246.3 1 0
mobius/prompts.go:247.2,247.24 1 0
mobius/prompts.go:247.24,249.3 1 0
mobius/prompts.go:250.2,250.22 1 0
mobius/prompts.go:250.22,252.3 1 0
mobius/prompts.go:253.2,255.70 2 0
mobius/prompts.go:255.70,258.3 2 0
mobius/prompts.go:260.2,261.24 2 0
mobius/prompts.go:264.71,266.16 2 0
mobius/prompts.go:266.16,268.3 1 0
mobius/prompts.go:270.2,271.32 2 0
mobius/prompts.go:271.32,272.63 1 0
mobius/prompts.go:272.63,273.12 1 0
mobius/prompts.go:276.3,277.17 2 0
mobius/prompts.go:277.17,279.12 2 0
mobius/prompts.go:282.3,287.17 5 0
mobius/prompts.go:287.17,288.12 1 0
mobius/prompts.go:291.3,302.48 4 0
mobius/prompts.go:302.48,304.12 2 0
mobius/prompts.go:306.3,307.55 2 0
mobius/prompts.go:310.2,310.16 1 0
mobius/prompts.go:310.16,312.3 1 0
mobius/prompts.go:313.2,313.12 1 0
mobius/prompts.go:316.75,317.23 1 0
mobius/prompts.go:317.23,320.3 2 0
mobius/prompts.go:322.2,323.65 2 0
mobius/prompts.go:323.65,326.3 2 0
mobius/prompts.go:328.2,329.49 2 0
mobius/provider.go:62.46,64.2 1 1
mobius/provider.go:66.65,68.2 1 1
mobius/provider.go:70.57,72.2 1 1
mobius/provider.go:74.72,75.43 1 1
mobius/provider.go:75.43,77.3 1 1
mobius/provider.go:78.2,78.24 1 1
mobius/provider_claude.go:26.68,30.16 4 0
mobius/provider_claude.go:30.16,32.3 1 0
mobius/provider_claude.go:32.8,34.3 1 0
mobius/provider_claude.go:35.2,46.3 1 0
mobius/provider_claude.go:49.56,54.2 1 0
mobius/provider_claude.go:56.91,58.33 2 0
mobius/provider_claude.go:58.33,60.22 2 0
mobius/provider_claude.go:60.22,62.4 1 0
mobius/provider_claude.go:64.3,65.24 2 0
mobius/provider_claude.go:65.24,67.4 1 0
mobius/provider_claude.go:67.9,70.30 3 0
mobius/provider_claude.go:70.30,71.66 1 0
mobius/provider_claude.go:71.66,80.6 1 0
mobius/provider_claude.go:82.4,82.19 1 0
mobius/provider_claude.go:85.3,85.80 1 0
mobius/provider_claude.go:88.2,89.31 2 0
mobius/provider_claude.go:89.31,95.3 1 0
mobius/provider_claude.go:97.2,99.37 3 0
mobius/provider_claude.go:99.37,106.29 2 0
mobius/provider_claude.go:106.29,108.4 1 0
mobius/provider_claude.go:109.3,109.21 1 0
mobius/provider_claude.go:109.21,111.4 1 0
mobius/provider_claude.go:113.3,115.17 3 0
mobius/provider_claude.go:115.17,117.4 1 0
mobius/provider_claude.go:118.3,119.46 2 0
mobius/provider_claude.go:119.46,122.4 2 0
mobius/provider_claude.go:124.3,124.26 1 0
mobius/provider_claude.go:124.26,125.9 1 0
mobius/provider_claude.go:128.3,128.27 1 0
mobius/provider_claude.go:128.27,130.9 2 0
mobius/provider_claude.go:133.3,134.17 2 0
mobius/provider_claude.go:134.17,138.4 1 0
mobius/provider_claude.go:139.3,139.32 1 0
mobius/provider_claude.go:139.32,146.4 1 0
mobius/provider_claude.go:147.3,152.32 3 0
mobius/provider_claude.go:152.32,154.30 2 0
mobius/provider_claude.go:154.30,156.5 1 0
mobius/provider_claude.go:157.4,162.6 2 0
mobius/provider_claude.go:164.3,166.5 1 0
mobius/provider_claude.go:169.2,169.22 1 0
mobius/provider_claude.go:177.44,180.26 2 0
mobius/provider_claude.go:180.26,182.3 1 0
mobius/provider_claude.go:183.2,184.16 2 0
mobius/provider_claude.go:184.16,186.3 1 0
mobius/provider_claude.go:188.2,190.16 2 0
mobius/provider_claude.go:190.16,192.3 1 0
mobius/provider_claude.go:193.2,197.16 4 0
mobius/provider_claude.go:197.16,199.3 1 0
mobius/provider_claude.go:200.2,202.28 2 0
mobius/provider_claude.go:202.28,205.3 2 0
mobius/provider_claude.go:207.2,214.21 7 0
mobius/provider_claude.go:214.21,216.41 2 0
mobius/provider_claude.go:216.41,217.12 1 0
mobius/provider_claude.go:219.3,220.23 2 0
mobius/provider_claude.go:220.23,221.9 1 0
mobius/provider_claude.go:224.3,225.50 2 0
mobius/provider_claude.go:225.50,226.12 1 0
mobius/provider_claude.go:229.3,229.24 1 0
mobius/provider_claude.go:230.24,231.56 1 0
mobius/provider_claude.go:231.56,232.51 1 0
mobius/provider_claude.go:232.51,233.50 1 0
mobius/provider_claude.go:233.50,235.7 1 0
mobius/provider_claude.go:239.30,240.61 1 0
mobius/provider_claude.go:240.61,241.33 1 0
mobius/provider_claude.go:241.33,247.6 2 0
mobius/provider_claude.go:250.30,251.56 1 0
mobius/provider_claude.go:251.56,252.38 1 0
mobius/provider_claude.go:252.38,255.23 3 0
mobius/provider_claude.go:255.23,257.7 1 0
mobius/provider_claude.go:258.11,258.51 1 0
mobius/provider_claude.go:258.51,261.6 2 0
mobius/provider_claude.go:264.29,265.30 1 0
mobius/provider_claude.go:265.30,271.5 5 0
mobius/provider_claude.go:273.24,274.52 1 0
mobius/provider_claude.go:274.52,275.50 1 0
mobius/provider_claude.go:275.50,277.6 1 0
mobius/provider_claude.go:282.2,283.37 2 0
mobius/provider_gemini.go:18.112,24.2 1 0
mobius/provider_gemini.go:26.71,27.54 1 0
mobius/provider_gemini.go:27.54,29.3 1 0
mobius/provider_gemini.go:30.2,30.23 1 0
mobius/provider_gemini.go:33.91,36.33 3 0
mobius/provider_gemini.go:36.33,38.26 2 0
mobius/provider_gemini.go:38.26,40.4 1 0
mobius/provider_gemini.go:41.3,42.29 2 0
mobius/provider_gemini.go:42.29,43.22 1 0
mobius/provider_gemini.go:43.22,45.5 1 0
mobius/provider_gemini.go:47.3,47.72 1 0
mobius/provider_gemini.go:50.2,51.24 2 0
mobius/provider_gemini.go:51.24,53.32 2 0
mobius/provider_gemini.go:53.32,59.4 1 0
mobius/provider_gemini.go:60.3,60.55 1 0
mobius/provider_gemini.go:63.2,64.28 2 0
mobius/provider_gemini.go:64.28,68.3 1 0
mobius/provider_gemini.go:70.2,72.37 3 0
mobius/provider_gemini.go:72.37,80.5 5 0
mobius/provider_gemini.go:80.5,81.18 1 0
mobius/provider_gemini.go:81.18,83.5 1 0
mobius/provider_gemini.go:84.4,84.71 1 0
mobius/provider_gemini.go:84.71,85.57 1 0
mobius/provider_gemini.go:85.57,86.31 1 0
mobius/provider_gemini.go:86.31,88.7 1 0
mobius/provider_gemini.go:91.4,91.34 1 0
mobius/provider_gemini.go:91.34,100.5 1 0
mobius/provider_gemini.go:101.4,102.18 2 0
mobius/provider_gemini.go:102.18,104.26 2 0
mobius/provider_gemini.go:104.26,106.6 1 0
mobius/provider_gemini.go:110.3,111.25 2 0
mobius/provider_gemini.go:111.25,113.4 1 0
mobius/provider_gemini.go:115.3,115.24 1 0
mobius/provider_gemini.go:115.24,117.9 2 0
mobius/provider_gemini.go:122.3,128.29 3 0
mobius/provider_gemini.go:128.29,133.30 4 0
mobius/provider_gemini.go:133.30,135.5 1 0
mobius/provider_gemini.go:137.4,142.6 1 0
mobius/provider_gemini.go:144.3,153.27 2 0
mobius/provider_gemini.go:153.27,162.39 4 0
mobius/provider_gemini.go:162.39,164.5 1 0
mobius/provider_gemini.go:165.4,165.100 1 0
mobius/provider_gemini.go:165.100,166.19 1 0
mobius/provider_gemini.go:166.19,168.6 1 0
mobius/provider_gemini.go:169.5,169.35 1 0
mobius/provider_gemini.go:169.35,171.27 2 0
mobius/provider_gemini.go:171.27,173.7 1 0
mobius/provider_gemini.go:175.5,175.57 1 0
mobius/provider_gemini.go:175.57,183.6 1 0
mobius/provider_gemini.go:188.2,188.22 1 0
mobius/sandbox.go:39.42,40.23 1 1
mobius/sandbox.go:40.23,42.3 1 1
mobius/sandbox.go:43.2,43.20 1 1
mobius/sandbox.go:43.20,45.3 1 1
mobius/sandbox.go:46.2,46.22 1 1
mobius/sandbox.go:46.22,48.3 1 1
mobius/sandbox.go:49.2,49.19 1 1
mobius/sandbox.go:49.19,51.3 1 1
mobius/sandbox.go:52.2,52.23 1 1
mobius/sandbox.go:52.23,54.3 1 1
mobius/sandbox.go:61.84,63.16 2 1
mobius/sandbox.go:63.16,65.3 1 1
mobius/sandbox.go:66.2,67.14 2 1
mobius/sandbox.go:67.14,69.3 1 1
mobius/sandbox.go:70.2,78.24 2 1
mobius/sandbox.go:78.24,80.3 1 1
mobius/sandbox.go:81.2,82.13 2 1
mobius/sandbox.go:91.153,94.32 2 1
mobius/sandbox.go:94.32,95.30 1 1
mobius/sandbox.go:95.30,98.4 2 0
mobius/sandbox.go:98.9,98.34 1 1
mobius/sandbox.go:98.34,101.4 2 1
mobius/sandbox.go:104.2,104.18 1 1
mobius/sandbox.go:105.22,106.58 1 0
mobius/sandbox.go:107.22,108.58 1 1
mobius/sandbox.go:109.10,110.52 1 0
mobius/sandbox.go:115.150,116.59 1 1
mobius/sandbox.go:116.59,118.3 1 0
mobius/sandbox.go:120.2,129.19 8 1
mobius/sandbox.go:129.19,130.50 1 0
mobius/sandbox.go:130.50,132.4 1 0
mobius/sandbox.go:133.3,133.98 1 0
mobius/sandbox.go:135.2,135.49 1 1
mobius/sandbox.go:140.130,150.28 6 0
mobius/sandbox.go:150.28,151.25 1 0
mobius/sandbox.go:151.25,153.4 1 0
mobius/sandbox.go:154.3,154.13 1 0
mobius/sandbox.go:157.2,162.19 5 0
mobius/sandbox.go:162.19,163.50 1 0
mobius/sandbox.go:163.50,165.4 1 0
mobius/sandbox.go:166.3,166.98 1 0
mobius/sandbox.go:168.2,168.49 1 0
mobius/sandbox.go:172.156,175.32 2 0
mobius/sandbox.go:175.32,176.30 1 0
mobius/sandbox.go:176.30,179.4 2 0
mobius/sandbox.go:179.9,179.34 1 0
mobius/sandbox.go:179.34,182.4 2 0
mobius/sandbox.go:185.2,185.18 1 0
mobius/sandbox.go:186.22,187.52 1 0
mobius/sandbox.go:188.22,189.52 1 0
mobius/sandbox.go:190.10,191.46 1 0
mobius/sandbox.go:195.153,196.59 1 0
mobius/sandbox.go:196.59,198.3 1 0
mobius/sandbox.go:200.2,209.19 8 0
mobius/sandbox.go:209.19,210.50 1 0
mobius/sandbox.go:210.50,212.4 1 0
mobius/sandbox.go:213.3,213.98 1 0
mobius/sandbox.go:215.2,215.49 1 0
mobius/sandbox.go:218.133,219.20 1 0
mobius/sandbox.go:219.20,221.3 1 0
mobius/sandbox.go:222.2,228.28 6 0
mobius/sandbox.go:228.28,229.25 1 0
mobius/sandbox.go:229.25,231.4 1 0
mobius/sandbox.go:232.3,232.13 1 0
mobius/sandbox.go:235.2,240.19 5 0
mobius/sandbox.go:240.19,241.50 1 0
mobius/sandbox.go:241.50,243.4 1 0
mobius/sandbox.go:244.3,244.98 1 0
mobius/sandbox.go:246.2,246.49 1 0
mobius/sandbox.go:250.38,251.31 1 1
mobius/sandbox.go:251.31,253.3 1 1
mobius/sandbox.go:254.2,254.10 1 1
mobius/sandbox_nsjail.go:19.111,41.21 2 1
mobius/sandbox_nsjail.go:41.21,43.3 1 1
mobius/sandbox_nsjail.go:43.8,45.3 1 1
mobius/sandbox_nsjail.go:48.2,48.82 1 1
mobius/sandbox_nsjail.go:48.82,49.49 1 1
mobius/sandbox_nsjail.go:49.49,51.4 1 1
mobius/sandbox_nsjail.go:54.2,54.88 1 1
mobius/sandbox_nsjail.go:54.88,56.3 1 1
mobius/sandbox_nsjail.go:59.2,59.66 1 1
mobius/sandbox_nsjail.go:59.66,60.53 1 1
mobius/sandbox_nsjail.go:60.53,62.4 1 0
mobius/sandbox_nsjail.go:66.2,74.24 2 1
mobius/sandbox_nsjail.go:74.24,76.3 1 1
mobius/sandbox_nsjail.go:77.2,77.13 1 1
mobius/sandbox_nsjail.go:80.47,81.40 1 1
mobius/sandbox_nsjail.go:81.40,83.16 2 1
mobius/sandbox_nsjail.go:83.16,85.4 1 1
mobius/sandbox_nsjail.go:86.3,86.14 1 0
mobius/sandbox_nsjail.go:88.2,88.12 1 0
mobius/sandbox_nsjail.go:93.150,95.22 2 1
mobius/sandbox_nsjail.go:95.22,97.3 1 0
mobius/sandbox_nsjail.go:98.2,99.20 2 1
mobius/sandbox_nsjail.go:99.20,101.3 1 1
mobius/sandbox_nsjail.go:105.2,106.16 2 1
mobius/sandbox_nsjail.go:106.16,108.3 1 0
mobius/sandbox_nsjail.go:109.2,111.16 3 1
mobius/sandbox_nsjail.go:111.16,113.3 1 0
mobius/sandbox_nsjail.go:114.2,124.28 6 1
mobius/sandbox_nsjail.go:124.28,125.25 1 1
mobius/sandbox_nsjail.go:125.25,127.4 1 1
mobius/sandbox_nsjail.go:128.3,128.13 1 0
mobius/sandbox_nsjail.go:131.2,135.19 4 1
mobius/sandbox_nsjail.go:135.19,136.50 1 1
mobius/sandbox_nsjail.go:136.50,138.4 1 1
mobius/sandbox_nsjail.go:139.3,139.91 1 0
mobius/sandbox_nsjail.go:141.2,141.49 1 1
mobius/sandbox_nsjail.go:145.153,147.22 2 0
mobius/sandbox_nsjail.go:147.22,149.3 1 0
mobius/sandbox_nsjail.go:150.2,151.20 2 0
mobius/sandbox_nsjail.go:151.20,153.3 1 0
mobius/sandbox_nsjail.go:157.2,158.16 2 0
mobius/sandbox_nsjail.go:158.16,160.3 1 0
mobius/sandbox_nsjail.go:161.2,163.16 3 0
mobius/sandbox_nsjail.go:163.16,165.3 1 0
mobius/sandbox_nsjail.go:166.2,176.28 7 0
mobius/sandbox_nsjail.go:176.28,177.25 1 0
mobius/sandbox_nsjail.go:177.25,179.4 1 0
mobius/sandbox_nsjail.go:180.3,180.13 1 0
mobius/sandbox_nsjail.go:183.2,187.19 4 0
mobius/sandbox_nsjail.go:187.19,188.50 1 0
mobius/sandbox_nsjail.go:188.50,190.4 1 0
mobius/sandbox_nsjail.go:191.3,191.91 1 0
mobius/sandbox_nsjail.go:193.2,193.49 1 0
mobius/sandbox_nsjail.go:198.36,199.62 1 1
mobius/sandbox_nsjail.go:199.62,201.3 1 0
mobius/sandbox_nsjail.go:202.2,205.16 4 1
mobius/sandbox_nsjail.go:205.16,208.3 2 0
mobius/sandbox_nsjail.go:209.2,212.46 3 1
mobius/sandbox_nsjail.go:212.46,216.3 2 1
mobius/sandbox_nsjail.go:217.2,218.50 2 1
mobius/scheduler.go:19.69,21.16 2 1
mobius/scheduler.go:21.16,23.3 1 1
mobius/scheduler.go:25.2,25.58 1 1
mobius/scheduler.go:25.58,27.3 1 1
mobius/scheduler.go:29.2,30.71 2 1
mobius/scheduler.go:30.71,32.22 2 1
mobius/scheduler.go:33.12,34.58 1 1
mobius/scheduler.go:35.12,36.56 1 1
mobius/scheduler.go:37.12,38.61 1 1
mobius/scheduler.go:42.2,43.16 2 1
mobius/scheduler.go:43.16,45.3 1 1
mobius/scheduler.go:46.2,46.30 1 1
mobius/scheduler.go:49.39,51.58 2 1
mobius/scheduler.go:51.58,53.3 1 1
mobius/scheduler.go:54.2,55.38 2 1
mobius/scheduler.go:55.38,57.3 1 1
mobius/scheduler.go:58.2,58.50 1 1
mobius/scheduler.go:58.50,60.3 1 1
mobius/scheduler.go:61.2,61.18 1 1
mobius/scheduler.go:64.45,72.14 6 1
mobius/scheduler.go:73.18,75.17 2 1
mobius/scheduler.go:75.17,77.4 1 0
mobius/scheduler.go:78.3,78.25 1 1
mobius/scheduler.go:79.14,81.17 2 1
mobius/scheduler.go:81.17,83.4 1 0
mobius/scheduler.go:84.3,86.29 3 1
mobius/scheduler.go:87.10,88.18 1 1
mobius/scheduler.go:91.2,92.21 2 1
mobius/scheduler.go:92.21,94.3 1 1
mobius/scheduler.go:95.2,95.21 1 1
mobius/scheduler.go:95.21,97.3 1 1
mobius/scheduler.go:98.2,98.13 1 1
mobius/skill_sync.go:56.53,57.20 1 0
mobius/skill_sync.go:57.20,59.3 1 0
mobius/skill_sync.go:60.2,63.3 1 0
mobius/skill_sync.go:66.38,66.57 1 0
mobius/skill_sync.go:79.100,80.55 1 0
mobius/skill_sync.go:80.55,82.3 1 0
mobius/skill_sync.go:84.2,93.30 2 0
mobius/skill_sync.go:93.30,94.53 1 0
mobius/skill_sync.go:94.53,95.12 1 0
mobius/skill_sync.go:98.3,98.94 1 0
mobius/skill_sync.go:98.94,99.61 1 0
mobius/skill_sync.go:99.61,101.5 1 0
mobius/skill_sync.go:103.4,104.22 2 0
mobius/skill_sync.go:104.22,106.5 1 0
mobius/skill_sync.go:108.4,109.25 2 0
mobius/skill_sync.go:109.25,112.5 2 0
mobius/skill_sync.go:113.4,115.14 3 0
mobius/skill_sync.go:117.3,117.21 1 0
mobius/skill_sync.go:117.21,119.4 1 0
mobius/skill_sync.go:122.2,122.28 1 0
mobius/skill_sync.go:125.135,127.42 2 0
mobius/skill_sync.go:127.42,129.3 1 0
mobius/skill_sync.go:130.2,131.13 2 0
mobius/skill_sync.go:131.13,133.3 1 0
mobius/skill_sync.go:134.2,138.60 4 0
mobius/skill_sync.go:138.60,140.3 1 0
mobius/skill_sync.go:142.2,142.20 1 0
mobius/skill_sync.go:142.20,144.3 1 0
mobius/skill_sync.go:146.2,146.33 1 0
mobius/skill_sync.go:146.33,148.3 1 0
mobius/skill_sync.go:150.2,155.19 5 0
mobius/skill_sync.go:155.19,157.3 1 0
mobius/skill_sync.go:159.2,164.59 4 0
mobius/skill_sync.go:164.59,165.75 1 0
mobius/skill_sync.go:165.75,167.4 1 0
mobius/skill_sync.go:168.3,168.51 1 0
mobius/skill_sync.go:168.51,170.4 1 0
mobius/skill_sync.go:171.3,171.73 1 0
mobius/skill_sync.go:171.73,173.4 1 0
mobius/skill_sync.go:174.3,174.19 1 0
mobius/skill_sync.go:177.2,177.50 1 0
mobius/skill_sync.go:177.50,179.3 1 0
mobius/skill_sync.go:180.2,180.72 1 0
mobius/skill_sync.go:180.72,182.3 1 0
mobius/skill_sync.go:183.2,183.18 1 0
mobius/skill_sync.go:186.47,188.21 2 1
mobius/skill_sync.go:188.21,190.3 1 1
mobius/skill_sync.go:191.2,191.17 1 1
mobius/skill_sync.go:194.81,197.27 3 1
mobius/skill_sync.go:197.27,199.3 1 1
mobius/skill_sync.go:200.2,200.45 1 1
mobius/skill_sync.go:200.45,202.3 1 1
mobius/skill_sync.go:203.2,204.24 2 1
mobius/skill_sync.go:204.24,206.3 1 1
mobius/skill_sync.go:207.2,208.13 2 1
mobius/skill_sync.go:211.105,226.2 13 1
mobius/skill_sync.go:251.39,251.62 1 0
mobius/skill_sync.go:253.101,254.55 1 0
mobius/skill_sync.go:254.55,256.3 1 0
mobius/skill_sync.go:258.2,258.38 1 0
mobius/skill_sync.go:258.38,260.53 2 0
mobius/skill_sync.go:260.53,261.12 1 0
mobius/skill_sync.go:264.3,265.24 2 0
mobius/skill_sync.go:265.24,267.4 1 0
mobius/skill_sync.go:269.3,269.94 1 0
mobius/skill_sync.go:269.94,270.35 1 0
mobius/skill_sync.go:270.35,272.5 1 0
mobius/skill_sync.go:273.4,273.15 1 0
mobius/skill_sync.go:273.15,276.45 1 0
mobius/skill_sync.go:276.45,278.6 1 0
mobius/skill_sync.go:279.10,279.37 1 0
mobius/skill_sync.go:279.37,281.5 1 0
mobius/skill_sync.go:283.4,284.22 2 0
mobius/skill_sync.go:284.22,286.5 1 0
mobius/skill_sync.go:288.4,291.14 4 0
mobius/skill_sync.go:293.3,293.21 1 0
mobius/skill_sync.go:293.21,295.4 1 0
mobius/skill_sync.go:298.2,298.28 1 0
mobius/skill_sync.go:301.120,303.42 2 0
mobius/skill_sync.go:303.42,305.3 1 0
mobius/skill_sync.go:306.2,307.13 2 0
mobius/skill_sync.go:307.13,309.3 1 0
mobius/skill_sync.go:310.2,314.60 4 0
mobius/skill_sync.go:314.60,316.3 1 0
mobius/skill_sync.go:317.2,317.20 1 0
mobius/skill_sync.go:317.20,319.3 1 0
mobius/skill_sync.go:321.2,322.20 2 0
mobius/skill_sync.go:322.20,324.30 2 0
mobius/skill_sync.go:324.30,326.4 1 0
mobius/skill_sync.go:328.2,329.19 2 0
mobius/skill_sync.go:329.19,331.3 1 0
mobius/skill_sync.go:332.2,332.19 1 0
mobius/skill_sync.go:332.19,334.3 1 0
mobius/skill_sync.go:336.2,337.20 2 0
mobius/skill_sync.go:337.20,339.3 1 0
mobius/skill_sync.go:340.2,341.24 2 0
mobius/skill_sync.go:341.24,343.3 1 0
mobius/skill_sync.go:344.2,351.67 5 0
mobius/skill_sync.go:351.67,352.75 1 0
mobius/skill_sync.go:352.75,354.4 1 0
mobius/skill_sync.go:355.3,356.73 2 0
mobius/skill_sync.go:356.73,359.4 2 0
mobius/skill_sync.go:360.3,360.14 1 0
mobius/skill_sync.go:363.2,364.72 2 0
mobius/skill_sync.go:364.72,367.3 2 0
mobius/skill_sync.go:368.2,368.13 1 0
mobius/skill_sync.go:372.67,377.36 2 0
mobius/skill_sync.go:377.36,382.17 5 0
mobius/skill_sync.go:382.17,385.4 2 0
mobius/skill_sync.go:385.9,385.21 1 0
mobius/skill_sync.go:385.21,387.4 1 0
mobius/skill_sync.go:388.3,388.46 1 0
mobius/skill_sync.go:391.2,391.23 1 0
mobius/skill_sync.go:391.23,393.17 2 0
mobius/skill_sync.go:393.17,395.4 1 0
mobius/skill_sync.go:396.3,397.30 2 0
mobius/skill_sync.go:400.2,405.15 5 0
mobius/skill_sync.go:410.73,413.2 2 0
mobius/skill_sync.go:415.76,424.2 4 0
mobius/skills.go:44.67,46.42 2 1
mobius/skills.go:46.42,48.3 1 1
mobius/skills.go:49.2,50.13 2 1
mobius/skills.go:50.13,52.3 1 1
mobius/skills.go:53.2,57.59 4 1
mobius/skills.go:57.59,59.3 1 0
mobius/skills.go:60.2,60.23 1 1
mobius/skills.go:63.42,66.2 2 1
mobius/skills.go:68.42,71.2 2 0
mobius/skills.go:73.55,75.15 2 0
mobius/skills.go:75.15,77.3 1 0
mobius/skills.go:78.2,79.47 2 0
mobius/skills.go:79.47,81.3 1 0
mobius/skills.go:83.2,92.16 3 0
mobius/skills.go:92.16,94.3 1 0
mobius/skills.go:96.2,105.61 9 0
mobius/skills.go:105.61,107.3 1 0
mobius/skills.go:108.2,108.47 1 0
mobius/skills.go:108.47,111.3 2 0
mobius/skills.go:112.2,112.12 1 0
mobius/skills.go:115.58,117.15 2 0
mobius/skills.go:117.15,119.3 1 0
mobius/skills.go:120.2,123.65 3 0
mobius/skills.go:123.65,125.3 1 0
mobius/skills.go:127.2,129.12 3 0
mobius/skills.go:134.69,140.16 3 0
mobius/skills.go:140.16,142.3 1 0
mobius/skills.go:143.2,144.19 2 0
mobius/skills.go:144.19,146.3 1 0
mobius/skills.go:147.2,147.12 1 0
mobius/skills.go:150.78,154.16 2 0
mobius/skills.go:154.16,156.3 1 0
mobius/skills.go:157.2,158.19 2 0
mobius/skills.go:158.19,160.3 1 0
mobius/skills.go:162.2,165.66 2 0
mobius/skills.go:165.66,167.3 1 0
mobius/skills.go:168.2,168.28 1 0
mobius/skills.go:171.86,173.17 2 0
mobius/skills.go:173.17,179.3 1 0
mobius/skills.go:179.8,182.27 3 0
mobius/skills.go:182.27,184.4 1 0
mobius/skills.go:185.3,197.4 2 0
mobius/skills.go:200.2,206.16 3 0
mobius/skills.go:206.16,208.3 1 0
mobius/skills.go:209.2,210.19 2 0
mobius/skills.go:210.19,212.3 1 0
mobius/skills.go:214.2,221.66 2 0
mobius/skills.go:221.66,223.3 1 0
mobius/skills.go:225.2,226.39 2 0
mobius/skills.go:226.39,228.3 1 0
mobius/skills.go:229.2,229.20 1 0
mobius/skills.go:232.71,236.16 2 0
mobius/skills.go:236.16,238.3 1 0
mobius/skills.go:239.2,240.19 2 0
mobius/skills.go:240.19,242.3 1 0
mobius/skills.go:243.2,243.12 1 0
mobius/skills.go:248.130,250.16 2 0
mobius/skills.go:250.16,252.3 1 0
mobius/skills.go:253.2,255.26 3 0
mobius/skills.go:255.26,258.3 2 0
mobius/skills.go:261.2,264.84 3 0
mobius/skills.go:264.84,265.60 1 0
mobius/skills.go:265.60,267.4 1 0
mobius/skills.go:269.3,270.21 2 0
mobius/skills.go:270.21,272.4 1 0
mobius/skills.go:274.3,275.22 2 0
mobius/skills.go:275.22,278.4 2 0
mobius/skills.go:280.3,281.33 2 0
mobius/skills.go:281.33,283.4 1 0
mobius/skills.go:285.3,286.31 2 0
mobius/skills.go:286.31,288.4 1 0
mobius/skills.go:290.3,292.32 2 0
mobius/skills.go:292.32,293.32 1 0
mobius/skills.go:293.32,295.5 1 0
mobius/skills.go:296.4,299.17 4 0
mobius/skills.go:299.17,300.22 1 0
mobius/skills.go:300.22,302.6 1 0
mobius/skills.go:303.5,303.29 1 0
mobius/skills.go:303.29,305.6 1 0
mobius/skills.go:306.5,306.26 1 0
mobius/skills.go:306.26,308.6 1 0
mobius/skills.go:309.5,309.25 1 0
mobius/skills.go:309.25,311.6 1 0
mobius/skills.go:312.5,312.25 1 0
mobius/skills.go:312.25,314.6 1 0
mobius/skills.go:316.4,317.14 2 0
mobius/skills.go:320.3,329.16 3 0
mobius/skills.go:329.16,330.28 1 0
mobius/skills.go:330.28,332.5 1 0
mobius/skills.go:333.4,333.25 1 0
mobius/skills.go:333.25,335.5 1 0
mobius/skills.go:336.4,336.24 1 0
mobius/skills.go:336.24,338.5 1 0
mobius/skills.go:339.4,339.24 1 0
mobius/skills.go:339.24,341.5 1 0
mobius/skills.go:343.3,343.20 1 0
mobius/skills.go:343.20,345.4 1 0
mobius/skills.go:346.3,346.23 1 0
mobius/skills.go:346.23,348.4 1 0
mobius/skills.go:350.3,352.13 3 0
mobius/skills.go:354.2,354.16 1 0
mobius/skills.go:354.16,356.3 1 0
mobius/skills.go:358.2,358.26 1 0
mobius/skills.go:358.26,360.63 2 0
mobius/skills.go:360.63,362.4 1 0
mobius/skills.go:362.9,365.4 2 0
mobius/skills.go:368.2,368.28 1 0
mobius/skills.go:368.28,370.63 2 0
mobius/skills.go:370.63,372.4 1 0
mobius/skills.go:372.9,375.4 2 0
mobius/skills.go:378.2,378.32 1 0
mobius/skills.go:378.32,379.52 1 0
mobius/skills.go:379.52,380.12 1 0
mobius/skills.go:382.3,382.66 1 0
mobius/skills.go:382.66,384.12 2 0
mobius/skills.go:386.3,386.22 1 0
mobius/skills.go:386.22,388.4 1 0
mobius/skills.go:389.3,389.70 1 0
mobius/skills.go:392.2,392.28 1 0
mobius/skills.go:397.88,401.16 2 0
mobius/skills.go:401.16,403.3 1 0
mobius/skills.go:404.2,404.12 1 0
mobius/skills.go:407.90,411.16 2 0
mobius/skills.go:411.16,413.3 1 0
mobius/skills.go:414.2,414.12 1 0
mobius/skills.go:417.100,421.16 2 0
mobius/skills.go:421.16,423.3 1 0
mobius/skills.go:424.2,427.18 3 0
mobius/skills.go:427.18,429.40 2 0
mobius/skills.go:429.40,431.4 1 0
mobius/skills.go:432.3,432.24 1 0
mobius/skills.go:434.2,434.17 1 0
mobius/skills.go:437.49,471.2 1 1
mobius/skills.go:478.50,502.2 1 1
mobius/skills.go:504.90,505.15 1 0
mobius/skills.go:505.15,507.3 1 0
mobius/skills.go:509.2,510.59 2 0
mobius/skills.go:510.59,512.3 1 0
mobius/skills.go:514.2,514.44 1 0
mobius/skills.go:514.44,517.17 3 0
mobius/skills.go:517.17,518.12 1 0
mobius/skills.go:521.3,521.33 1 0
mobius/skills.go:521.33,523.67 2 0
mobius/skills.go:523.67,525.13 2 0
mobius/skills.go:527.4,529.20 1 0
mobius/skills.go:533.2,534.16 2 0
mobius/skills.go:534.16,536.19 2 0
mobius/skills.go:536.19,538.42 2 0
mobius/skills.go:538.42,539.13 1 0
mobius/skills.go:541.4,542.67 2 0
mobius/skills.go:542.67,543.13 1 0
mobius/skills.go:545.4,547.20 1 0
mobius/skills.go:551.2,552.12 2 0
mobius/skills.go:555.101,556.15 1 0
mobius/skills.go:556.15,558.3 1 0
mobius/skills.go:560.2,562.16 3 0
mobius/skills.go:562.16,564.3 1 0
mobius/skills.go:566.2,568.16 3 0
mobius/skills.go:568.16,570.3 1 0
mobius/skills.go:572.2,575.9 3 0
mobius/skills.go:575.9,577.3 1 0
mobius/skills.go:579.2,581.32 2 0
mobius/skills.go:581.32,583.66 2 0
mobius/skills.go:583.66,584.12 1 0
mobius/skills.go:586.3,588.24 1 0
mobius/skills.go:591.2,592.12 2 0
mobius/skills.go:597.73,598.23 1 0
mobius/skills.go:598.23,601.3 2 0
mobius/skills.go:603.2,605.16 3 0
mobius/skills.go:605.16,608.3 2 0
mobius/skills.go:609.2,609.22 1 0
mobius/skills.go:612.71,613.23 1 0
mobius/skills.go:613.23,616.3 2 0
mobius/skills.go:618.2,620.16 3 0
mobius/skills.go:620.16,623.3 2 0
mobius/skills.go:624.2,624.21 1 0
mobius/skills.go:627.74,628.23 1 0
mobius/skills.go:628.23,631.3 2 0
mobius/skills.go:633.2,641.62 2 0
mobius/skills.go:641.62,644.3 2 0
mobius/skills.go:645.2,645.43 1 0
mobius/skills.go:645.43,648.3 2 0
mobius/skills.go:650.2,662.19 3 0
mobius/skills.go:662.19,664.3 1 0
mobius/skills.go:665.2,665.22 1 0
mobius/skills.go:665.22,667.3 1 0
mobius/skills.go:668.2,668.21 1 0
mobius/skills.go:668.21,670.3 1 0
mobius/skills.go:672.2,672.62 1 0
mobius/skills.go:672.62,675.3 2 0
mobius/skills.go:677.2,677.23 1 0
mobius/skills.go:677.23,678.58 1 0
mobius/skills.go:678.58,680.4 1 0
mobius/skills.go:683.2,684.17 2 0
mobius/skills.go:687.74,688.23 1 0
mobius/skills.go:688.23,691.3 2 0
mobius/skills.go:693.2,695.16 3 0
mobius/skills.go:695.16,698.3 2 0
mobius/skills.go:700.2,708.62 2 0
mobius/skills.go:708.62,711.3 2 0
mobius/skills.go:713.2,716.21 3 0
mobius/skills.go:716.21,718.3 1 0
mobius/skills.go:719.2,719.28 1 0
mobius/skills.go:719.28,721.3 1 0
mobius/skills.go:722.2,722.25 1 0
mobius/skills.go:722.25,724.3 1 0
mobius/skills.go:725.2,725.24 1 0
mobius/skills.go:725.24,727.3 1 0
mobius/skills.go:728.2,728.22 1 0
mobius/skills.go:728.22,730.3 1 0
mobius/skills.go:731.2,731.24 1 0
mobius/skills.go:731.24,733.3 1 0
mobius/skills.go:734.2,736.69 2 0
mobius/skills.go:736.69,739.3 2 0
mobius/skills.go:741.2,741.23 1 0
mobius/skills.go:741.23,742.67 1 0
mobius/skills.go:742.67,745.4 2 0
mobius/skills.go:746.3,746.65 1 0
mobius/skills.go:746.65,748.4 1 0
mobius/skills.go:751.2,752.24 2 0
mobius/skills.go:755.74,756.23 1 0
mobius/skills.go:756.23,759.3 2 0
mobius/skills.go:761.2,765.64 3 0
mobius/skills.go:765.64,768.3 2 0
mobius/skills.go:770.2,770.23 1 0
mobius/skills.go:770.23,772.71 1 0
mobius/skills.go:772.71,774.4 1 0
mobius/skills.go:777.2,777.39 1 0
mobius/skills.go:777.39,778.65 1 0
mobius/skills.go:778.65,780.4 1 0
mobius/skills.go:783.2,784.49 2 0
mobius/skills.go:787.81,788.44 1 0
mobius/skills.go:788.44,791.3 2 0
mobius/skills.go:793.2,795.16 3 0
mobius/skills.go:795.16,798.3 2 0
mobius/skills.go:800.2,801.31 2 0
mobius/skills.go:801.31,803.17 2 0
mobius/skills.go:803.17,804.12 1 0
mobius/skills.go:806.3,806.30 1 0
mobius/skills.go:808.2,808.22 1 0
mobius/skills.go:811.84,812.23 1 0
mobius/skills.go:812.23,815.3 2 0
mobius/skills.go:817.2,821.84 3 0
mobius/skills.go:821.84,824.3 2 0
mobius/skills.go:826.2,826.81 1 0
mobius/skills.go:826.81,829.3 2 0
mobius/skills.go:831.2,832.49 2 0
mobius/skills.go:835.82,836.44 1 0
mobius/skills.go:836.44,839.3 2 0
mobius/skills.go:841.2,842.87 2 0
mobius/skills.go:842.87,845.3 2 0
mobius/skills.go:847.2,847.49 1 0
mobius/skills.go:850.88,851.23 1 0
mobius/skills.go:851.23,854.3 2 0
mobius/skills.go:856.2,859.78 3 0
mobius/skills.go:859.78,862.3 2 0
mobius/skills.go:864.2,865.49 2 0
mobius/tasks.go:48.122,66.18 5 0
mobius/tasks.go:66.18,70.3 3 0
mobius/tasks.go:71.2,71.22 1 0
mobius/tasks.go:71.22,75.3 3 0
mobius/tasks.go:76.2,76.25 1 0
mobius/tasks.go:76.25,78.3 1 0
mobius/tasks.go:78.8,78.28 1 0
mobius/tasks.go:78.28,82.3 3 0
mobius/tasks.go:83.2,83.26 1 0
mobius/tasks.go:83.26,87.3 3 0
mobius/tasks.go:89.2,89.25 1 0
mobius/tasks.go:89.25,91.3 1 0
mobius/tasks.go:93.2,96.16 3 0
mobius/tasks.go:96.16,98.3 1 0
mobius/tasks.go:99.2,104.18 4 0
mobius/tasks.go:104.18,117.17 5 0
mobius/tasks.go:117.17,119.4 1 0
mobius/tasks.go:121.3,121.24 1 0
mobius/tasks.go:121.24,123.4 1 0
mobius/tasks.go:124.3,124.23 1 0
mobius/tasks.go:124.23,126.4 1 0
mobius/tasks.go:127.3,127.25 1 0
mobius/tasks.go:127.25,129.4 1 0
mobius/tasks.go:130.3,132.34 3 0
mobius/tasks.go:135.2,135.21 1 0
mobius/tasks.go:135.21,137.3 1 0
mobius/tasks.go:139.2,141.16 2 0
mobius/tasks.go:141.16,143.3 1 0
mobius/tasks.go:144.2,147.21 3 0
mobius/tasks.go:147.21,149.55 2 0
mobius/tasks.go:149.55,151.4 1 0
mobius/tasks.go:152.3,152.49 1 0
mobius/tasks.go:155.2,155.23 1 0
mobius/tasks.go:155.23,156.42 1 0
mobius/tasks.go:156.42,158.4 1 0
mobius/tasks.go:161.2,161.19 1 0
mobius/tasks.go:164.76,190.16 6 0
mobius/tasks.go:190.16,192.3 1 0
mobius/tasks.go:194.2,194.23 1 0
mobius/tasks.go:194.23,196.3 1 0
mobius/tasks.go:197.2,197.22 1 0
mobius/tasks.go:197.22,199.3 1 0
mobius/tasks.go:200.2,200.24 1 0
mobius/tasks.go:200.24,202.3 1 0
mobius/tasks.go:204.2,206.16 2 0
mobius/tasks.go:206.16,208.3 1 0
mobius/tasks.go:209.2,212.21 3 0
mobius/tasks.go:212.21,214.46 2 0
mobius/tasks.go:214.46,216.4 1 0
mobius/tasks.go:217.3,217.49 1 0
mobius/tasks.go:220.2,220.16 1 0
mobius/tasks.go:223.85,225.16 2 0
mobius/tasks.go:225.16,227.3 1 0
mobius/tasks.go:228.2,231.21 3 0
mobius/tasks.go:231.21,236.17 3 0
mobius/tasks.go:236.17,238.4 1 0
mobius/tasks.go:239.3,239.17 1 0
mobius/tasks.go:239.17,241.4 1 0
mobius/tasks.go:244.2,245.46 2 0
mobius/tasks.go:245.46,247.3 1 0
mobius/tasks.go:248.2,248.44 1 0
mobius/tasks.go:248.44,250.3 1 0
mobius/tasks.go:252.2,253.20 2 0
mobius/tasks.go:253.20,255.3 1 0
mobius/tasks.go:257.2,263.16 2 0
mobius/tasks.go:263.16,265.3 1 0
mobius/tasks.go:266.2,269.31 3 0
mobius/tasks.go:269.31,280.29 3 0
mobius/tasks.go:280.29,282.4 1 0
mobius/tasks.go:284.3,286.29 1 0
mobius/tasks.go:286.29,288.4 1 0
mobius/tasks.go:290.2,291.27 2 0
mobius/tasks.go:291.27,293.3 1 0
mobius/tasks.go:295.2,295.23 1 0
mobius/tasks.go:298.137,303.18 4 0
mobius/tasks.go:303.18,307.3 3 0
mobius/tasks.go:308.2,308.17 1 0
mobius/tasks.go:308.17,312.3 3 0
mobius/tasks.go:313.2,313.21 1 0
mobius/tasks.go:313.21,317.3 3 0
mobius/tasks.go:318.2,318.23 1 0
mobius/tasks.go:318.23,319.24 1 0
mobius/tasks.go:319.24,321.4 1 0
mobius/tasks.go:321.9,325.4 3 0
mobius/tasks.go:327.2,327.19 1 0
mobius/tasks.go:327.19,331.3 3 0
mobius/tasks.go:333.2,333.20 1 0
mobius/tasks.go:333.20,335.3 1 0
mobius/tasks.go:337.2,341.16 4 0
mobius/tasks.go:341.16,343.3 1 0
mobius/tasks.go:344.2,344.12 1 0
mobius/tasks.go:347.101,350.16 2 0
mobius/tasks.go:350.16,352.3 1 0
mobius/tasks.go:353.2,353.12 1 0
mobius/tasks.go:356.70,358.16 2 0
mobius/tasks.go:358.16,360.3 1 0
mobius/tasks.go:361.2,361.12 1 0
mobius/tasks.go:364.77,366.46 2 0
mobius/tasks.go:366.46,368.3 1 0
mobius/tasks.go:369.2,369.44 1 0
mobius/tasks.go:369.44,371.3 1 0
mobius/tasks.go:372.2,373.20 2 0
mobius/tasks.go:373.20,375.3 1 0
mobius/tasks.go:377.2,384.16 2 0
mobius/tasks.go:384.16,386.3 1 0
mobius/tasks.go:387.2,391.12 5 0
mobius/tasks.go:394.105,396.54 2 0
mobius/tasks.go:396.54,398.3 1 0
mobius/tasks.go:399.2,399.52 1 0
mobius/tasks.go:399.52,401.3 1 0
mobius/tasks.go:402.2,403.20 2 0
mobius/tasks.go:403.20,405.3 1 0
mobius/tasks.go:407.2,413.16 2 0
mobius/tasks.go:413.16,415.3 1 0
mobius/tasks.go:416.2,420.12 5 0
mobius/tasks.go:423.90,433.16 2 0
mobius/tasks.go:433.16,435.3 1 0
mobius/tasks.go:436.2,439.18 3 0
mobius/tasks.go:439.18,446.17 3 0
mobius/tasks.go:446.17,448.4 1 0
mobius/tasks.go:449.3,449.24 1 0
mobius/tasks.go:449.24,451.4 1 0
mobius/tasks.go:452.3,453.27 2 0
mobius/tasks.go:455.2,455.18 1 0
mobius/tasks.go:455.18,457.3 1 0
mobius/tasks.go:458.2,458.19 1 0
mobius/tasks.go:462.45,468.21 4 0
mobius/tasks.go:468.21,472.3 3 0
mobius/tasks.go:473.2,473.22 1 0
mobius/tasks.go:473.22,477.3 3 0
mobius/tasks.go:478.2,478.24 1 0
mobius/tasks.go:478.24,479.23 1 0
mobius/tasks.go:479.23,481.4 1 0
mobius/tasks.go:481.9,485.4 3 0
mobius/tasks.go:487.2,487.24 1 0
mobius/tasks.go:487.24,491.20 4 0
mobius/tasks.go:491.20,493.4 1 0
mobius/tasks.go:496.2,500.16 4 0
mobius/tasks.go:500.16,502.3 1 0
mobius/tasks.go:503.2,503.12 1 0
mobius/tasks.go:515.116,517.16 2 0
mobius/tasks.go:517.16,519.3 1 0
mobius/tasks.go:520.2,525.16 5 0
mobius/tasks.go:525.16,527.3 1 0
mobius/tasks.go:529.2,530.32 2 0
mobius/tasks.go:530.32,532.3 1 0
mobius/tasks.go:534.2,534.49 1 0
mobius/tasks.go:534.49,536.3 1 0
mobius/tasks.go:538.2,538.42 1 0
mobius/tasks.go:538.42,540.17 2 0
mobius/tasks.go:540.17,543.35 3 0
mobius/tasks.go:543.35,545.5 1 0
mobius/tasks.go:549.2,549.56 1 0
mobius/tasks.go:549.56,556.31 3 0
mobius/tasks.go:556.31,558.4 1 0
mobius/tasks.go:561.2,564.9 3 0
mobius/tasks.go:565.27,566.65 1 0
mobius/tasks.go:567.34,572.82 1 0
mobius/tasks.go:573.63,574.56 1 0
mobius/tasks.go:577.2,578.16 2 0
mobius/tasks.go:578.16,580.3 1 0
mobius/tasks.go:585.2,585.44 1 0
mobius/tasks.go:585.44,587.20 2 0
mobius/tasks.go:587.20,589.4 1 0
mobius/tasks.go:590.3,592.43 1 0
mobius/tasks.go:592.43,594.4 1 0
mobius/tasks.go:597.2,598.25 2 0
mobius/tasks.go:598.25,600.17 2 0
mobius/tasks.go:600.17,602.4 1 0
mobius/tasks.go:605.2,605.39 1 0
mobius/tasks.go:605.39,607.3 1 0
mobius/tasks.go:612.2,613.31 2 0
mobius/tasks.go:613.31,615.3 1 0
mobius/tasks.go:617.2,617.12 1 0
mobius/tasks.go:623.108,626.16 2 0
mobius/tasks.go:626.16,628.3 1 0
mobius/tasks.go:629.2,632.18 3 0
mobius/tasks.go:632.18,634.41 2 0
mobius/tasks.go:634.41,636.4 1 0
mobius/tasks.go:637.3,637.39 1 0
mobius/tasks.go:639.2,642.33 3 0
mobius/tasks.go:642.33,645.37 3 0
mobius/tasks.go:645.37,646.12 1 0
mobius/tasks.go:649.3,655.17 3 0
mobius/tasks.go:655.17,656.12 1 0
mobius/tasks.go:659.3,659.18 1 0
mobius/tasks.go:659.18,660.118 1 0
mobius/tasks.go:660.118,662.5 1 0
mobius/tasks.go:663.4,664.55 2 0
mobius/tasks.go:668.2,668.22 1 0
mobius/tasks.go:671.97,680.16 2 0
mobius/tasks.go:680.16,682.3 1 0
mobius/tasks.go:683.2,686.18 3 0
mobius/tasks.go:686.18,690.67 3 0
mobius/tasks.go:690.67,692.4 1 0
mobius/tasks.go:693.3,693.22 1 0
mobius/tasks.go:693.22,695.4 1 0
mobius/tasks.go:696.3,696.34 1 0
mobius/tasks.go:699.2,699.21 1 0
mobius/tasks.go:699.21,701.3 1 0
mobius/tasks.go:702.2,702.22 1 0
mobius/tasks.go:705.113,708.20 3 0
mobius/tasks.go:708.20,710.3 1 0
mobius/tasks.go:712.2,717.16 2 0
mobius/tasks.go:717.16,719.3 1 0
mobius/tasks.go:720.2,722.16 2 0
mobius/tasks.go:722.16,726.17 3 0
mobius/tasks.go:726.17,728.4 1 0
mobius/tasks.go:731.2,731.17 1 0
mobius/tasks.go:736.72,737.23 1 0
mobius/tasks.go:737.23,740.3 2 0
mobius/tasks.go:742.2,748.16 6 0
mobius/tasks.go:748.16,751.3 2 0
mobius/tasks.go:752.2,752.21 1 0
mobius/tasks.go:755.70,756.23 1 0
mobius/tasks.go:756.23,759.3 2 0
mobius/tasks.go:761.2,763.16 3 0
mobius/tasks.go:763.16,766.3 2 0
mobius/tasks.go:767.2,767.20 1 0
mobius/tasks.go:770.73,771.23 1 0
mobius/tasks.go:771.23,774.3 2 0
mobius/tasks.go:776.2,788.62 2 0
mobius/tasks.go:788.62,791.3 2 0
mobius/tasks.go:792.2,792.22 1 0
mobius/tasks.go:792.22,795.3 2 0
mobius/tasks.go:797.2,803.27 2 0
mobius/tasks.go:803.27,805.3 1 0
mobius/tasks.go:806.2,806.26 1 0
mobius/tasks.go:806.26,808.3 1 0
mobius/tasks.go:809.2,809.26 1 0
mobius/tasks.go:809.26,810.79 1 0
mobius/tasks.go:810.79,813.4 2 0
mobius/tasks.go:814.3,814.32 1 0
mobius/tasks.go:817.2,817.22 1 0
mobius/tasks.go:817.22,818.26 1 0
mobius/tasks.go:818.26,821.4 2 0
mobius/tasks.go:822.3,823.17 2 0
mobius/tasks.go:823.17,826.4 2 0
mobius/tasks.go:827.3,831.72 4 0
mobius/tasks.go:831.72,834.4 2 0
mobius/tasks.go:836.3,837.17 2 0
mobius/tasks.go:837.17,840.4 2 0
mobius/tasks.go:841.3,841.24 1 0
mobius/tasks.go:841.24,842.66 1 0
mobius/tasks.go:842.66,844.5 1 0
mobius/tasks.go:846.3,849.9 4 0
mobius/tasks.go:852.2,853.17 2 0
mobius/tasks.go:853.17,855.3 1 0
mobius/tasks.go:857.2,857.68 1 0
mobius/tasks.go:857.68,860.3 2 0
mobius/tasks.go:862.2,863.16 2 0
mobius/tasks.go:863.16,866.3 2 0
mobius/tasks.go:868.2,868.23 1 0
mobius/tasks.go:868.23,869.65 1 0
mobius/tasks.go:869.65,871.4 1 0
mobius/tasks.go:874.2,876.20 3 0
mobius/tasks.go:879.79,880.23 1 0
mobius/tasks.go:880.23,883.3 2 0
mobius/tasks.go:885.2,893.62 3 0
mobius/tasks.go:893.62,896.3 2 0
mobius/tasks.go:898.2,898.131 1 0
mobius/tasks.go:898.131,901.3 2 0
mobius/tasks.go:903.2,904.16 2 0
mobius/tasks.go:904.16,907.3 2 0
mobius/tasks.go:909.2,909.23 1 0
mobius/tasks.go:909.23,910.65 1 0
mobius/tasks.go:910.65,912.4 1 0
mobius/tasks.go:915.2,916.20 2 0
mobius/tasks.go:919.73,920.23 1 0
mobius/tasks.go:920.23,923.3 2 0
mobius/tasks.go:925.2,926.63 2 0
mobius/tasks.go:926.63,929.3 2 0
mobius/tasks.go:931.2,931.23 1 0
mobius/tasks.go:931.23,932.66 1 0
mobius/tasks.go:932.66,934.4 1 0
mobius/tasks.go:937.2,938.49 2 0
mobius/tasks.go:941.79,942.23 1 0
mobius/tasks.go:942.23,945.3 2 0
mobius/tasks.go:947.2,953.62 3 0
mobius/tasks.go:953.62,956.3 2 0
mobius/tasks.go:958.2,958.111 1 0
mobius/tasks.go:958.111,961.3 2 0
mobius/tasks.go:963.2,964.16 2 0
mobius/tasks.go:964.16,967.3 2 0
mobius/tasks.go:970.2,971.20 2 0
mobius/tasks.go:974.79,975.23 1 0
mobius/tasks.go:975.23,978.3 2 0
mobius/tasks.go:980.2,982.16 3 0
mobius/tasks.go:982.16,985.3 2 0
mobius/tasks.go:986.2,986.24 1 0
mobius/tasks.go:989.77,990.23 1 0
mobius/tasks.go:990.23,993.3 2 0
mobius/tasks.go:995.2,1000.62 3 0
mobius/tasks.go:1000.62,1003.3 2 0
mobius/tasks.go:1004.2,1004.24 1 0
mobius/tasks.go:1004.24,1007.3 2 0
mobius/tasks.go:1009.2,1010.16 2 0
mobius/tasks.go:1010.16,1013.3 2 0
mobius/tasks.go:1015.2,1017.23 3 0
mobius/tasks.go:1020.75,1021.23 1 0
mobius/tasks.go:1021.23,1024.3 2 0
mobius/tasks.go:1026.2,1028.16 3 0
mobius/tasks.go:1028.16,1031.3 2 0
mobius/tasks.go:1032.2,1032.20 1 0
mobius/tasks.go:1035.81,1036.23 1 0
mobius/tasks.go:1036.23,1039.3 2 0
mobius/tasks.go:1041.2,1047.62 3 0
mobius/tasks.go:1047.62,1050.3 2 0
mobius/tasks.go:1052.2,1053.102 2 0
mobius/tasks.go:1053.102,1055.51 2 0
mobius/tasks.go:1055.51,1057.4 1 0
mobius/tasks.go:1057.9,1060.32 2 0
mobius/tasks.go:1060.32,1063.5 2 0
mobius/tasks.go:1066.3,1067.17 2 0
mobius/tasks.go:1067.17,1070.4 2 0
mobius/tasks.go:1071.3,1071.15 1 0
mobius/tasks.go:1074.2,1075.51 1 0
mobius/tasks.go:1075.51,1078.3 2 0
mobius/tasks.go:1080.2,1081.20 2 0
mobius/token_handlers.go:25.54,29.34 3 1
mobius/token_handlers.go:29.34,31.3 1 1
mobius/token_handlers.go:32.2,32.34 1 1
mobius/token_handlers.go:32.34,34.3 1 1
mobius/token_handlers.go:35.2,35.22 1 1
mobius/token_handlers.go:35.22,37.3 1 1
mobius/token_handlers.go:38.2,38.22 1 1
mobius/token_handlers.go:38.22,40.3 1 1
mobius/token_handlers.go:42.2,47.10 6 1
mobius/token_handlers.go:50.94,57.58 3 0
mobius/token_handlers.go:57.58,58.21 1 0
mobius/token_handlers.go:58.21,60.4 1 0
mobius/token_handlers.go:61.3,62.81 2 0
mobius/token_handlers.go:65.2,73.64 8 0
mobius/token_handlers.go:76.75,77.23 1 0
mobius/token_handlers.go:77.23,80.3 2 0
mobius/token_handlers.go:82.2,130.16 17 0
mobius/token_handlers.go:130.16,133.3 2 0
mobius/token_handlers.go:135.2,140.4 2 0
mobius/token_handlers.go:143.78,144.23 1 0
mobius/token_handlers.go:144.23,147.3 2 0
mobius/token_handlers.go:149.2,151.24 3 0
mobius/token_handlers.go:151.24,153.3 1 0
mobius/token_handlers.go:155.2,174.16 5 0
mobius/token_handlers.go:174.16,177.3 2 0
mobius/token_handlers.go:178.2,178.20 1 0
mobius/token_handlers.go:181.77,182.23 1 0
mobius/token_handlers.go:182.23,185.3 2 0
mobius/token_handlers.go:187.2,198.9 4 0
mobius/token_handlers.go:198.9,200.3 1 0
mobius/token_handlers.go:202.2,225.16 6 0
mobius/token_handlers.go:225.16,228.3 2 0
mobius/token_handlers.go:229.2,229.20 1 0
mobius/token_handlers.go:232.75,233.23 1 0
mobius/token_handlers.go:233.23,236.3 2 0
mobius/token_handlers.go:238.2,241.46 4 0
mobius/token_handlers.go:241.46,242.65 1 0
mobius/token_handlers.go:242.65,244.4 1 0
mobius/token_handlers.go:246.2,246.47 1 0
mobius/token_handlers.go:246.47,247.54 1 0
mobius/token_handlers.go:247.54,249.4 1 0
mobius/token_handlers.go:252.2,254.27 3 0
mobius/token_handlers.go:254.27,256.3 1 0
mobius/token_handlers.go:257.2,258.41 2 0
mobius/token_handlers.go:258.41,260.3 1 0
mobius/token_handlers.go:262.2,301.16 6 0
mobius/token_handlers.go:301.16,304.3 2 0
mobius/token_handlers.go:305.2,305.20 1 0
mobius/token_handlers.go:310.117,314.16 4 0
mobius/token_handlers.go:314.16,316.3 1 0
mobius/token_handlers.go:317.2,318.38 2 0
mobius/token_handlers.go:318.38,319.27 1 0
mobius/token_handlers.go:319.27,321.4 1 0
mobius/token_handlers.go:322.3,322.49 1 0
mobius/token_handlers.go:324.2,324.18 1 0
mobius/token_handlers.go:327.119,331.16 4 0
mobius/token_handlers.go:331.16,333.3 1 0
mobius/token_handlers.go:334.2,335.6 2 0
mobius/token_handlers.go:335.6,338.27 3 0
mobius/token_handlers.go:338.27,339.9 1 0
mobius/token_handlers.go:341.3,341.17 1 0
mobius/token_handlers.go:341.17,343.4 1 0
mobius/token_handlers.go:344.3,344.27 1 0
mobius/token_handlers.go:346.2,346.17 1 0
mobius/token_handlers.go:346.17,348.3 1 0
mobius/token_handlers.go:349.2,349.18 1 0
mobius/tools.go:804.61,811.91 5 1
mobius/tools.go:811.91,817.3 5 1
mobius/tools.go:819.2,819.58 1 1
mobius/tools.go:819.58,821.3 1 1
mobius/tools.go:823.2,823.35 1 1
mobius/tools.go:823.35,825.3 1 1
mobius/tools.go:827.2,827.42 1 1
mobius/tools.go:827.42,829.3 1 1
mobius/tools.go:833.2,833.40 1 1
mobius/tools.go:833.40,835.3 1 1
mobius/tools.go:837.2,837.45 1 1
mobius/tools.go:837.45,839.3 1 1
mobius/tools.go:842.2,842.44 1 1
mobius/tools.go:842.45,844.3 0 0
mobius/tools.go:845.2,845.45 1 1
mobius/tools.go:845.45,847.3 1 0
mobius/tools.go:848.2,848.46 1 1
mobius/tools.go:848.46,850.3 1 0
mobius/tools.go:851.2,851.46 1 1
mobius/tools.go:851.46,853.3 1 0
mobius/tools.go:857.2,859.44 1 1
mobius/tools.go:859.44,861.3 1 1
mobius/tools.go:863.2,863.14 1 1
mobius/tools.go:868.76,869.46 1 1
mobius/tools.go:869.46,871.3 1 1
mobius/tools.go:873.2,874.36 2 1
mobius/tools.go:874.36,876.32 2 1
mobius/tools.go:876.32,878.4 1 1
mobius/tools.go:879.3,879.44 1 1
mobius/tools.go:879.44,881.4 1 1
mobius/tools.go:883.2,883.17 1 1
mobius/tools.go:886.37,887.45 1 1
mobius/tools.go:887.45,889.39 2 1
mobius/tools.go:889.39,891.18 2 1
mobius/tools.go:891.18,893.5 1 1
mobius/tools.go:895.3,895.11 1 1
mobius/tools.go:897.2,901.20 5 1
mobius/tools.go:901.20,902.15 1 1
mobius/tools.go:902.15,903.12 1 1
mobius/tools.go:905.3,906.12 2 1
mobius/tools.go:906.12,908.4 1 1
mobius/tools.go:910.2,910.75 1 1
mobius/tools.go:913.33,947.2 1 0
mobius/tools.go:949.52,950.27 1 1
mobius/tools.go:950.27,952.3 1 1
mobius/tools.go:953.2,953.38 1 1
mobius/tools.go:953.38,955.3 1 1
mobius/tools.go:956.2,956.68 1 1
mobius/tools.go:956.68,958.3 1 1
mobius/tools.go:959.2,959.38 1 1
mobius/tools.go:959.38,961.3 1 1
mobius/tools.go:962.2,962.14 1 1
mobius/tools.go:965.48,966.25 1 1
mobius/tools.go:966.25,967.18 1 1
mobius/tools.go:967.18,969.4 1 1
mobius/tools.go:971.2,971.14 1 1
mobius/watermark.go:28.33,29.57 1 1
mobius/watermark.go:29.57,31.3 1 0
mobius/watermark.go:32.2,33.16 2 1
mobius/watermark.go:33.16,35.3 1 0
mobius/watermark.go:36.2,36.6 1 1
mobius/watermark.go:36.6,38.47 2 1
mobius/watermark.go:38.47,40.4 1 1
mobius/watermark.go:41.3,42.20 2 1
mobius/watermark.go:42.20,43.9 1 0
mobius/watermark.go:45.3,45.15 1 1
mobius/watermark.go:47.2,47.27 1 0
mobius/watermark.go:50.60,52.42 2 1
mobius/watermark.go:52.42,54.3 1 1
mobius/watermark.go:55.2,58.3 1 1
mobius/watermark.go:62.131,71.19 2 0
mobius/watermark.go:71.19,73.3 1 0
mobius/watermark.go:76.2,79.16 3 0
mobius/watermark.go:79.16,81.3 1 0
mobius/watermark.go:83.2,83.19 1 0
mobius/watermark.go:83.19,85.45 1 0
mobius/watermark.go:85.45,88.4 1 0
mobius/watermark.go:89.3,89.89 1 0
mobius/watermark.go:92.2,93.12 2 0
mobius/watermark.go:98.120,108.16 4 0
mobius/watermark.go:108.16,110.3 1 0
mobius/watermark.go:114.2,114.19 1 0
mobius/watermark.go:114.19,116.3 1 0
mobius/watermark.go:119.2,119.44 1 0
mobius/watermark.go:119.44,121.23 2 0
mobius/watermark.go:121.23,123.4 1 0
mobius/watermark.go:124.3,125.22 2 0
mobius/watermark.go:125.22,127.4 1 0
mobius/watermark.go:129.3,131.27 3 0
mobius/watermark.go:131.27,133.4 1 0
mobius/watermark.go:134.3,134.40 1 0
mobius/watermark.go:138.2,138.44 1 0
mobius/watermark.go:138.44,140.3 1 0
mobius/watermark.go:143.2,143.134 1 0
mobius/watermark.go:147.101,157.16 4 0
mobius/watermark.go:157.16,159.3 1 0
mobius/watermark.go:160.2,160.19 1 0
mobius/watermark.go:160.19,162.3 1 0
mobius/watermark.go:164.2,166.16 3 0
mobius/watermark.go:166.16,168.3 1 0
mobius/watermark.go:169.2,169.22 1 0
mobius/watermark.go:173.113,184.16 4 0
mobius/watermark.go:184.16,186.3 1 0
mobius/watermark.go:187.2,187.19 1 0
mobius/watermark.go:187.19,189.3 1 0
mobius/watermark.go:190.2,190.12 1 0
mobius/watermark.go:194.119,211.16 4 0
mobius/watermark.go:211.16,213.3 1 0
mobius/watermark.go:214.2,214.19 1 0
mobius/watermark.go:214.19,216.3 1 0
mobius/watermark.go:217.2,217.12 1 0
mobius/watermark.go:221.166,223.16 2 0
mobius/watermark.go:223.16,225.3 1 0
mobius/watermark.go:226.2,230.81 4 0
mobius/watermark.go:230.81,232.3 1 0
mobius/watermark.go:235.2,236.16 2 0
mobius/watermark.go:236.16,238.3 1 0
mobius/watermark.go:239.2,240.16 2 0
mobius/watermark.go:240.16,242.3 1 0
mobius/watermark.go:244.2,245.26 2 0
mobius/watermark.go:245.26,247.79 1 0
mobius/watermark.go:247.79,249.4 1 0
mobius/watermark.go:250.3,250.57 1 0
mobius/watermark.go:250.57,252.4 1 0
mobius/watermark.go:255.2,256.87 2 0
mobius/watermark.go:256.87,258.3 1 0
mobius/watermark.go:260.2,260.12 1 0
mobius/watermark.go:264.120,266.16 2 0
mobius/watermark.go:266.16,268.3 1 0
mobius/watermark.go:269.2,272.16 3 0
mobius/watermark.go:272.16,274.3 1 0
mobius/watermark.go:276.2,277.21 2 0
mobius/watermark.go:277.21,279.3 1 0
mobius/watermark.go:282.2,292.16 4 0
mobius/watermark.go:292.16,294.3 1 0
mobius/watermark.go:295.2,295.19 1 0
mobius/watermark.go:295.19,297.3 1 0
mobius/watermark.go:299.2,300.16 2 0
mobius/watermark.go:300.16,302.3 1 0
mobius/watermark.go:303.2,303.21 1 0
mobius/watermark.go:303.21,305.3 1 0
mobius/watermark.go:308.2,311.26 3 0
mobius/watermark.go:311.26,313.17 2 0
mobius/watermark.go:313.17,315.12 2 0
mobius/watermark.go:317.3,317.15 1 0
mobius/watermark.go:317.15,320.4 2 0
mobius/watermark.go:323.2,323.24 1 0
mobius/watermark.go:323.24,325.3 1 0
mobius/watermark.go:328.2,330.45 3 0
mobius/watermark.go:330.45,331.27 1 0
mobius/watermark.go:331.27,334.4 2 0
mobius/watermark.go:338.2,340.26 3 0
mobius/watermark.go:340.26,342.3 1 0
mobius/watermark.go:343.2,345.17 2 0
mobius/watermark.go:345.17,347.3 1 0
mobius/watermark.go:349.2,349.26 1 0
mobius/watermark.go:367.146,375.2 1 1
mobius/watermark.go:378.136,380.69 1 0
mobius/watermark.go:380.69,383.3 2 0
mobius/watermark.go:385.2,389.41 3 0
mobius/watermark.go:389.41,392.17 3 0
mobius/watermark.go:392.17,395.4 2 0
mobius/watermark.go:396.3,396.26 1 0
mobius/watermark.go:397.8,399.3 1 0
mobius/watermark.go:401.2,401.29 1 0
mobius/watermark.go:401.29,404.3 2 0
mobius/watermark.go:407.2,412.34 5 0
mobius/watermark.go:412.34,413.21 1 0
mobius/watermark.go:413.21,415.4 1 0
mobius/watermark.go:415.9,417.4 1 0
mobius/watermark.go:420.2,420.38 1 0
mobius/watermark.go:420.38,423.3 2 0
mobius/watermark.go:424.2,424.38 1 0
mobius/watermark.go:424.38,427.3 2 0
mobius/watermark.go:429.2,432.44 3 0
mobius/watermark.go:432.44,433.23 1 0
mobius/watermark.go:433.23,437.18 3 0
mobius/watermark.go:437.18,439.5 1 0
mobius/watermark.go:440.4,443.13 3 0
mobius/watermark.go:443.13,445.19 2 0
mobius/watermark.go:445.19,447.6 1 0
mobius/watermark.go:448.5,449.36 2 0
mobius/watermark.go:449.36,451.6 1 0
mobius/watermark.go:454.4,459.13 5 0
mobius/watermark.go:459.13,462.19 3 0
mobius/watermark.go:462.19,464.6 1 0
mobius/watermark.go:465.5,466.14 2 0
mobius/watermark.go:467.10,470.19 3 0
mobius/watermark.go:470.19,472.6 1 0
mobius/watermark.go:473.5,474.14 2 0
mobius/watermark.go:476.4,479.13 2 0
mobius/watermark.go:479.13,480.111 1 0
mobius/watermark.go:480.111,482.6 1 0
mobius/watermark.go:483.10,485.5 1 0
mobius/watermark.go:487.4,487.18 1 0
mobius/watermark.go:487.18,489.5 1 0
mobius/watermark.go:492.4,493.13 2 0
mobius/watermark.go:493.13,495.5 1 0
mobius/watermark.go:497.4,498.18 2 0
mobius/watermark.go:498.18,500.5 1 0
mobius/watermark.go:501.4,504.18 3 0
mobius/watermark.go:504.18,506.5 1 0
mobius/watermark.go:508.4,509.14 2 0
mobius/watermark.go:512.3,512.17 1 0
mobius/watermark.go:512.17,515.4 2 0
mobius/watermark.go:518.2,519.63 2 0
mobius/watermark.go:519.63,521.3 1 0
mobius/watermark.go:524.107,526.16 2 0
mobius/watermark.go:526.16,528.3 1 0
mobius/watermark.go:529.2,532.75 3 0
mobius/watermark.go:532.75,535.3 2 0
mobius/watermark.go:536.2,536.23 1 0
mobius/watermark.go:539.99,540.32 1 1
mobius/watermark.go:540.32,541.86 1 1
mobius/watermark.go:541.86,543.4 1 0
mobius/watermark.go:545.2,545.71 1 1
mobius/watermark.go:548.91,552.65 3 0
mobius/watermark.go:552.65,554.3 1 0
mobius/watermark.go:557.94,558.88 1 1
mobius/watermark.go:558.88,560.3 1 0
mobius/watermark.go:562.2,562.70 1 1
mobius/watermark.go:562.70,564.3 1 0
mobius/watermark.go:566.2,567.12 2 1
mobius/watermark.go:570.101,571.101 1 1
mobius/watermark.go:571.101,573.3 1 0
mobius/watermark.go:576.36,579.2 2 1
mobius/watermark.go:581.61,582.22 1 1
mobius/watermark.go:582.22,584.3 1 1
mobius/watermark.go:585.2,585.52 1 1
mobius/watermark_tools.go:14.169,22.76 7 1
mobius/watermark_tools.go:22.76,24.3 1 0
mobius/watermark_tools.go:26.2,26.23 1 1
mobius/watermark_tools.go:26.23,28.3 1 0
mobius/watermark_tools.go:30.2,34.43 4 1
mobius/watermark_tools.go:34.43,35.50 1 0
mobius/watermark_tools.go:35.50,37.4 1 0
mobius/watermark_tools.go:38.3,38.61 1 0
mobius/watermark_tools.go:39.8,39.46 1 1
mobius/watermark_tools.go:39.46,41.3 1 1
mobius/watermark_tools.go:41.8,43.3 1 0
mobius/watermark_tools.go:45.2,45.33 1 1
mobius/watermark_tools.go:45.33,47.3 1 0
mobius/watermark_tools.go:49.2,50.44 2 1
mobius/watermark_tools.go:50.44,51.51 1 0
mobius/watermark_tools.go:51.51,53.4 1 0
mobius/watermark_tools.go:54.3,54.62 1 0
mobius/watermark_tools.go:55.8,57.3 1 1
mobius/watermark_tools.go:59.2,64.23 4 1
mobius/watermark_tools.go:64.23,65.16 1 0
mobius/watermark_tools.go:65.16,67.4 1 0
mobius/watermark_tools.go:68.3,71.58 3 0
mobius/watermark_tools.go:71.58,72.34 1 0
mobius/watermark_tools.go:72.34,73.82 1 0
mobius/watermark_tools.go:73.82,75.11 2 0
mobius/watermark_tools.go:79.3,79.40 1 0
mobius/watermark_tools.go:79.40,81.4 1 0
mobius/watermark_tools.go:83.3,89.23 2 0
mobius/watermark_tools.go:89.23,91.4 1 0
mobius/watermark_tools.go:92.3,92.20 1 0
mobius/watermark_tools.go:92.20,94.4 1 0
mobius/watermark_tools.go:96.3,97.22 2 0
mobius/watermark_tools.go:97.22,99.4 1 0
mobius/watermark_tools.go:101.3,101.52 1 0
mobius/watermark_tools.go:101.52,103.4 1 0
mobius/watermark_tools.go:105.3,107.13 3 0
mobius/watermark_tools.go:107.13,110.4 2 0
mobius/watermark_tools.go:112.3,112.25 1 0
mobius/watermark_tools.go:112.25,113.54 1 0
mobius/watermark_tools.go:113.54,114.62 1 0
mobius/watermark_tools.go:114.62,116.6 1 0
mobius/watermark_tools.go:120.3,120.20 1 0
mobius/watermark_tools.go:120.20,122.21 2 0
mobius/watermark_tools.go:122.21,124.5 1 0
mobius/watermark_tools.go:125.4,127.7 1 0
mobius/watermark_tools.go:130.3,134.4 1 0
mobius/watermark_tools.go:137.2,138.18 2 1
mobius/watermark_tools.go:138.18,140.17 2 1
mobius/watermark_tools.go:140.17,142.4 1 1
mobius/watermark_tools.go:143.3,144.45 2 0
mobius/watermark_tools.go:144.45,146.4 1 0
mobius/watermark_tools.go:147.8,149.17 2 0
mobius/watermark_tools.go:149.17,151.4 1 0
mobius/watermark_tools.go:152.3,156.66 4 0
mobius/watermark_tools.go:156.66,158.4 1 0
mobius/watermark_tools.go:161.2,162.16 2 0
mobius/watermark_tools.go:162.16,164.3 1 0
mobius/watermark_tools.go:165.2,169.96 4 0
mobius/watermark_tools.go:169.96,171.3 1 0
mobius/watermark_tools.go:173.2,179.83 6 0
mobius/watermark_tools.go:179.83,182.3 2 0
mobius/watermark_tools.go:182.8,184.3 1 0
mobius/watermark_tools.go:186.2,187.16 2 0
mobius/watermark_tools.go:187.16,189.3 1 0
mobius/watermark_tools.go:190.2,193.16 3 0
mobius/watermark_tools.go:193.16,195.3 1 0
mobius/watermark_tools.go:197.2,202.3 2 0
mobius/watermark_tools.go:206.132,210.39 3 1
mobius/watermark_tools.go:210.39,212.3 1 0
mobius/watermark_tools.go:214.2,217.43 4 1
mobius/watermark_tools.go:217.43,218.50 1 0
mobius/watermark_tools.go:218.50,220.4 1 0
mobius/watermark_tools.go:221.3,221.61 1 0
mobius/watermark_tools.go:222.8,222.46 1 1
mobius/watermark_tools.go:222.46,224.3 1 1
mobius/watermark_tools.go:224.8,226.3 1 0
mobius/watermark_tools.go:228.2,228.33 1 1
mobius/watermark_tools.go:228.33,230.3 1 0
mobius/watermark_tools.go:232.2,235.18 3 1
mobius/watermark_tools.go:235.18,237.17 2 1
mobius/watermark_tools.go:237.17,239.4 1 1
mobius/watermark_tools.go:240.3,241.47 2 0
mobius/watermark_tools.go:241.47,243.4 1 0
mobius/watermark_tools.go:244.8,247.17 3 0
mobius/watermark_tools.go:247.17,249.4 1 0
mobius/watermark_tools.go:250.3,254.68 4 0
mobius/watermark_tools.go:254.68,256.4 1 0
mobius/watermark_tools.go:259.2,265.11 6 0
mobius/watermark_tools.go:265.11,267.3 1 0
mobius/watermark_tools.go:267.8,269.3 1 0
mobius/watermark_tools.go:271.2,271.16 1 0
mobius/watermark_tools.go:271.16,273.3 1 0
mobius/watermark_tools.go:275.2,275.15 1 0
mobius/watermark_tools.go:275.15,280.3 1 0
mobius/watermark_tools.go:282.2,286.3 1 0
mobius/watermark_tools.go:289.29,291.2 1 0
mobius/watermark_tools.go:293.69,295.16 2 1
mobius/watermark_tools.go:295.16,297.3 1 0
mobius/watermark_tools.go:298.2,299.16 2 1
mobius/watermark_tools.go:299.16,301.3 1 0
mobius/watermark_tools.go:302.2,302.85 1 1
mobius/watermark_tools.go:302.85,304.3 1 1
mobius/watermark_tools.go:305.2,305.17 1 1
